lat,lon,jobs
53.57855178,-2.53441843,2201
53.57730463,-2.52640777,1037
53.55709363,-2.53578413,267
53.55852240,-2.53515592,490
53.55599827,-2.53366432,1933
53.58321908,-2.37817988,337
53.56701780,-2.42941884,273
53.56799895,-2.42606856,470
53.56934815,-2.41571926,695
53.56293677,-2.41187475,1873
53.57746442,-2.42685649,206
53.57928496,-2.42756186,365
53.57846483,-2.42533689,571
53.57735143,-2.42887550,268
53.57830300,-2.42435693,212
53.57740562,-2.42822832,303
53.57862990,-2.42601105,213
53.57728946,-2.42528834,232
53.57850164,-2.42835043,453
53.57941830,-2.42567282,316
53.57952131,-2.42922919,543
53.58134497,-2.43860092,552
53.58312708,-2.42203127,389
53.58028946,-2.42108751,265
53.58672518,-2.42493747,706
53.57984597,-2.42488334,353
53.58146472,-2.41802520,434
53.58576930,-2.42150362,236
53.58852027,-2.42543645,332
53.57996143,-2.42583401,300
53.58533382,-2.41810230,249
53.59155530,-2.42656786,859
53.58347838,-2.42785025,375
53.58169956,-2.43003512,676
53.58024026,-2.43038324,312
53.58196156,-2.42816416,229
53.58019336,-2.42806259,283
53.55045514,-2.45361965,673
53.54739718,-2.45216242,218
53.57169868,-2.43635477,237
53.57354198,-2.43623761,1013
53.57461113,-2.43706803,956
53.57496580,-2.42912900,448
53.57452220,-2.42785325,324
53.54980099,-2.39504085,264
53.54777044,-2.39702154,492
53.54744690,-2.39878989,239
53.58221376,-2.44328546,522
53.57962940,-2.45449113,641
53.55444676,-2.43018026,4985
53.59925842,-2.54564404,211
53.59797239,-2.54850270,275
53.60035796,-2.54706107,297
53.53972852,-2.39446688,633
53.53577933,-2.36179408,214
53.53863511,-2.39274024,428
53.54916274,-2.52423238,214
53.54828456,-2.52307054,438
53.59266022,-2.31019585,331
53.58988809,-2.31226150,509
53.59376081,-2.30972172,216
53.59365469,-2.26786718,304
53.60074951,-2.32684744,253
53.59805303,-2.29434320,399
53.59974205,-2.29876703,2811
53.60098292,-2.29435723,252
53.59605007,-2.30227529,409
53.55095764,-2.29607727,345
53.55281629,-2.29628787,546
53.54835166,-2.29419641,573
53.55877082,-2.32547417,310
53.64704333,-2.31598350,628
53.59013703,-2.29646417,479
53.59038669,-2.29829907,359
53.58986877,-2.29874943,407
53.58610224,-2.29755987,572
53.59545411,-2.29265253,480
53.59289979,-2.28640946,204
53.59558508,-2.28858801,525
53.59380457,-2.28908806,340
53.58991640,-2.28949449,363
53.59182222,-2.28870204,288
53.59465657,-2.29483507,333
53.59036887,-2.29404328,383
53.59168519,-2.29526411,297
53.59406795,-2.29595152,394
53.59255968,-2.29529190,869
53.59293067,-2.29692531,305
53.59382106,-2.29823444,275
53.59451295,-2.29172867,274
53.59287944,-2.29262553,226
53.59518787,-2.29085682,299
53.59020256,-2.29999035,1240
53.59257894,-2.29859046,498
53.59153347,-2.30031019,320
53.59304902,-2.30546497,276
53.59402143,-2.30106164,259
53.59251398,-2.30014051,234
53.59263233,-2.30346016,205
53.59137240,-2.29879709,276
53.59308225,-2.29865852,294
53.58911743,-2.30648575,426
53.53678147,-2.29145650,1941
53.53447054,-2.28711290,292
53.53305012,-2.28437818,560
53.57285220,-2.29874984,331
53.57255056,-2.30043762,1176
53.57454068,-2.28010519,573
53.57391386,-2.27892744,1051
53.57101895,-2.26836709,245
53.57516652,-2.28202598,187
53.57617811,-2.27514115,731
53.47076644,-2.21426822,1666
53.46955981,-2.21454191,933
53.47038798,-2.20173353,228
53.47355695,-2.21464248,192
53.47243406,-2.22552257,343
53.47286724,-2.22086643,437
53.47157650,-2.22203041,320
53.47047931,-2.21706412,363
53.47330049,-2.22869249,363
53.46962196,-2.22002244,155
53.46984550,-2.22426375,292
53.39144528,-2.29349323,274
53.38717258,-2.29717513,595
53.38995981,-2.29795315,615
53.39326043,-2.29576025,222
53.39175147,-2.29189423,429
53.39671741,-2.29400480,359
53.39698820,-2.29784521,398
53.38886194,-2.29318945,5790
53.39055033,-2.29149989,505
53.42701361,-2.25122328,934
53.42491859,-2.24947480,421
53.48362183,-2.18855905,1076
53.48469910,-2.21060955,343
53.48024936,-2.16818548,403
53.48462246,-2.20269488,769
53.47627001,-2.19512544,364
53.47818251,-2.18537106,515
53.47399872,-2.17458316,307
53.47220020,-2.18155766,521
53.47351517,-2.19767285,298
53.47186831,-2.18762406,854
53.47367235,-2.20065120,389
53.47404864,-2.18410331,208
53.46978848,-2.17618718,513
53.47156841,-2.17676213,467
53.43562325,-2.26487990,767
53.44487106,-2.27846285,477
53.44316674,-2.27614904,235
53.44172318,-2.27680692,252
53.44278972,-2.27886535,671
53.44261817,-2.27637632,276
53.51791436,-2.22948191,3376
53.51455598,-2.24646354,562
53.41696507,-2.23200617,640
53.41790796,-2.23125435,238
53.41614089,-2.23118275,209
53.41154759,-2.22910969,564
53.41100459,-2.22420063,344
53.40806358,-2.22776644,556
53.40980018,-2.22740393,306
53.40774150,-2.22731579,462
53.40924748,-2.22635085,646
53.40802207,-2.22043825,831
53.44580427,-2.21968527,447
53.46209580,-2.17328376,375
53.51279804,-2.21229563,672
53.50256510,-2.20246224,1196
53.51192852,-2.20185947,358
53.46156839,-2.19979292,413
53.45950316,-2.19621637,472
53.45584300,-2.19942871,289
53.45749081,-2.19946240,358
53.45777363,-2.20114837,307
53.45690320,-2.20078876,257
53.50386690,-2.17931469,244
53.50125801,-2.18065411,394
53.50511521,-2.18477801,347
53.49465079,-2.20756641,205
53.49641956,-2.20104476,293
53.49408001,-2.20181273,549
53.49871440,-2.19938542,177
53.49807099,-2.20227530,631
53.49287596,-2.20491373,372
53.40160820,-2.25381617,420
53.40085809,-2.25609680,643
53.40074900,-2.25157541,292
53.39857773,-2.26621807,556
53.42978028,-2.23004859,2654
53.45406310,-2.22436524,227
53.45465120,-2.22615005,233
53.45551237,-2.22233300,381
53.36745321,-2.26517843,983
53.36409346,-2.23968827,574
53.36494957,-2.24024644,951
53.36240059,-2.28922295,296
53.35915408,-2.28195516,2906
53.36191146,-2.27083726,6444
53.36529238,-2.27415087,375
53.36141326,-2.27329955,1372
53.36406079,-2.29080505,453
53.36242685,-2.27319516,310
53.36706871,-2.27994848,1001
53.36199651,-2.29163617,410
53.34911171,-2.27774195,240
53.36203004,-2.28560425,574
53.36025709,-2.28778134,451
53.36511059,-2.27334048,810
53.54439644,-2.13997333,244
53.54182732,-2.14066030,381
53.54164278,-2.13784179,490
53.54055027,-2.17225490,235
53.53624385,-2.15635492,250
53.52893241,-2.17321355,406
53.53449376,-2.17385986,700
53.53441800,-2.16691943,233
53.53425313,-2.17859332,955
53.53281297,-2.15423541,216
53.53024898,-2.15850966,735
53.54547494,-2.14203936,429
53.54640415,-2.13975293,468
53.53219028,-2.16579957,1176
53.53210121,-2.16901751,122
53.52014334,-2.15251686,515
53.52085602,-2.15007294,751
53.54216433,-2.11453571,338
53.54304425,-2.11395927,372
53.54235803,-2.11721814,869
53.54269505,-2.11566014,350
53.54376593,-2.11685743,517
53.54265926,-2.11995710,1766
53.54149923,-2.13210185,396
53.55328100,-2.12182761,3111
53.54816729,-2.13014327,559
53.54909695,-2.12674469,251
53.54726554,-2.13103197,220
53.51312361,-2.15514400,279
53.51121699,-2.15661147,387
53.50475989,-2.17497706,327
53.50817476,-2.15995247,453
53.51973012,-2.14519195,697
53.51442431,-2.13801839,291
53.53967011,-2.07175166,233
53.56242583,-2.12033847,315
53.56042682,-2.10533838,922
53.55936426,-2.10174759,608
53.56467055,-2.02021002,434
53.54700003,-2.09066571,380
53.54393196,-2.10306809,791
53.54540469,-2.10075469,440
53.54289458,-2.10453042,279
53.54281904,-2.11051960,342
53.54225891,-2.10702455,231
53.54308108,-2.10823904,242
53.54133347,-2.10709508,301
53.54246647,-2.11208940,211
53.53774002,-2.09506879,239
53.54009855,-2.09446848,465
53.54332789,-2.09312547,500
53.54330308,-2.09573691,151
53.54432892,-2.09426852,293
53.54093838,-2.09089004,212
53.54149675,-2.09986167,830
53.52164887,-2.11170710,462
53.54059786,-2.11635484,567
53.53840421,-2.11450409,251
53.53966530,-2.11182857,588
53.54117918,-2.11515273,693
53.53994688,-2.11267617,656
53.54154017,-2.11587008,165
53.53940946,-2.11388719,532
53.54008065,-2.11425929,247
53.54166144,-2.10956664,385
53.54175711,-2.11369607,477
53.57543076,-2.09285301,666
53.57657126,-2.08717871,996
53.60269395,-2.16361600,948
53.59399290,-2.17775955,423
53.59750666,-2.17163371,948
53.61241077,-2.15572730,295
53.61759486,-2.15582455,686
53.61164875,-2.15423059,347
53.61575456,-2.15072281,211
53.61426585,-2.14904891,235
53.61583050,-2.15439060,226
53.61450639,-2.15218871,301
53.61336532,-2.15083645,289
53.61389206,-2.15431341,229
53.61676343,-2.15732854,270
53.61638989,-2.15681376,254
53.61196341,-2.15950650,253
53.61957953,-2.15965439,243
53.62187547,-2.15611915,238
53.61851751,-2.15563880,462
53.61810547,-2.15533943,428
53.61961845,-2.15451422,227
53.61803851,-2.15758027,301
53.61724257,-2.15878295,503
53.61765118,-2.15897212,567
53.61569374,-2.16589721,818
53.61173805,-2.16308188,429
53.61572052,-2.15892297,524
53.61539908,-2.15547985,253
53.61659475,-2.15931821,730
53.61386325,-2.16523322,374
53.61597303,-2.16132624,366
53.59512991,-2.22384703,419
53.59390042,-2.22243140,398
53.58676806,-2.20334950,436
53.58943089,-2.20744781,260
53.58779835,-2.20872500,467
53.58936195,-2.20434990,767
53.58353322,-2.23154991,1092
53.58649488,-2.22246828,271
53.57712140,-2.22158655,767
53.58067206,-2.24736484,407
53.58134543,-2.23892109,1476
53.59039700,-2.26573247,106
53.59131894,-2.26160596,307
53.58925684,-2.27493319,1126
53.57059778,-2.16951092,351
53.57042491,-2.17191066,254
53.56813067,-2.16967152,1332
53.54811975,-2.19627487,259
53.54840403,-2.19562855,404
53.54974100,-2.19845815,268
53.54979875,-2.19493278,208
53.55072497,-2.19238564,306
53.54827907,-2.20103573,841
53.55947349,-2.23144772,317
53.60883060,-2.10878012,224
53.60890567,-2.11103369,427
53.60891339,-2.14520169,416
53.60888392,-2.13979569,392
53.61124704,-2.14680736,704
53.62295108,-2.15151780,339
53.62386941,-2.15491881,307
53.61724213,-2.18549562,406
53.48250383,-2.33509263,548
53.48123007,-2.28043174,312
53.48357371,-2.27066503,1976
53.48069692,-2.27611030,213
53.48060743,-2.27088289,298
53.49524730,-2.25586544,383
53.49055381,-2.27709639,198
53.42840003,-2.43011317,587
53.42567707,-2.43778261,219
53.43567814,-2.42201290,723
53.43232888,-2.42416047,534
53.43781713,-2.42325730,620
53.43842042,-2.42736690,293
53.44003350,-2.41807192,442
53.43081600,-2.43113318,720
53.48394498,-2.33662239,396
53.48432054,-2.33914108,259
53.53004625,-2.42314334,238
53.47697717,-2.26805279,435
53.51343895,-2.32461279,299
53.51254276,-2.33838291,345
53.51338240,-2.33345869,426
53.51371922,-2.32762748,208
53.51369465,-2.33507899,402
53.50452752,-2.29350912,207
53.50655258,-2.29891511,565
53.50873926,-2.30055504,614
53.49063406,-2.28838503,1332
53.48894554,-2.28672136,465
53.48880092,-2.28780676,339
53.49522721,-2.27859374,269
53.49326911,-2.28465989,288
53.49490767,-2.28545925,241
53.51362089,-2.36066721,775
53.51335774,-2.35528776,464
53.51576943,-2.35979170,1001
53.51398929,-2.34302316,443
53.51019475,-2.33876148,502
53.51108308,-2.33970478,1694
53.52424385,-2.40003710,247
53.52669747,-2.38672068,327
53.47938342,-2.30680819,678
53.48163198,-2.32709820,914
53.43398705,-2.12107867,604
53.43151697,-2.12502051,709
53.42529588,-2.11994884,246
53.43077373,-2.11822091,351
53.43109397,-2.12335890,573
53.42933551,-2.12049129,609
53.41301087,-2.14455666,225
53.41018593,-2.15510869,289
53.41221588,-2.15913602,552
53.40861431,-2.16129596,519
53.40987057,-2.16147223,241
53.41040787,-2.16036004,373
53.40911218,-2.15665254,336
53.40967368,-2.15900814,370
53.40998000,-2.15763813,437
53.41258869,-2.15650353,826
53.41108939,-2.16098014,405
53.40714987,-2.15540991,689
53.41365721,-2.15129718,599
53.41074432,-2.15819834,236
53.41162315,-2.15780678,198
53.40855343,-2.15920247,337
53.41127335,-2.15947664,265
53.40733204,-2.15456368,204
53.40600769,-2.15848443,3235
53.40980291,-2.15181467,348
53.40461703,-2.15791841,451
53.40371307,-2.16063404,488
53.39544584,-2.18467161,673
53.39476301,-2.21624362,205
53.39440456,-2.21321231,354
53.39729549,-2.21581864,1213
53.39314709,-2.21775811,309
53.39197171,-2.23633249,378
53.39315572,-2.21692084,271
53.39710276,-2.20335086,1364
53.39481065,-2.18585726,730
53.37697340,-2.18916632,545
53.37558383,-2.21497973,1437
53.37723671,-2.19010780,443
53.39195413,-2.18630590,772
53.39349077,-2.18608927,277
53.35773131,-2.20372080,229
53.35542577,-2.20264633,784
53.37502105,-2.18685348,300
53.37445468,-2.18841278,392
53.37449286,-2.18625775,245
53.38382156,-2.13201710,4094
53.37828275,-2.14113456,1385
53.40694077,-2.16090380,376
53.40544939,-2.15913158,588
53.40379033,-2.16394441,368
53.40757413,-2.16808851,388
53.40804922,-2.16239732,707
53.40817149,-2.17234095,310
53.40785018,-2.16560695,975
53.38356692,-2.12588711,493
53.38226842,-2.12424711,220
53.38003708,-2.12106639,263
53.37867328,-2.13235108,217
53.37878864,-2.12962550,769
53.37497142,-2.22148495,494
53.38040140,-2.22062563,538
53.37748875,-2.22220592,528
53.38075031,-2.22375825,570
53.37843330,-2.21933943,258
53.37608002,-2.22583109,442
53.40794646,-2.20603276,361
53.40681655,-2.20266332,727
53.41109233,-2.17173009,718
53.40945252,-2.17954517,268
53.41195523,-2.17558771,464
53.41075444,-2.17422074,218
53.40807806,-2.17545439,1321
53.43414141,-2.18849462,557
53.43491412,-2.18471187,1067
53.42348331,-2.18413749,329
53.40831960,-2.15128924,791
53.40037037,-2.15477668,546
53.39979024,-2.15114327,437
53.39813695,-2.05720403,293
53.39577901,-2.06274191,435
53.41932984,-2.17043355,278
53.41178696,-2.16549528,345
53.40955336,-2.16410966,934
53.41259681,-2.16599724,539
53.41195643,-2.16110423,252
53.42547404,-2.16192185,266
53.42755409,-2.16420457,424
53.42614655,-2.16449601,250
53.35691799,-2.16595804,221
53.35640784,-2.16549987,235
53.35785245,-2.16599789,288
53.35942060,-2.16719670,223
53.50700426,-2.07634727,377
53.48797132,-2.08077418,755
53.48630237,-2.08775057,805
53.49072493,-2.10127384,712
53.48503569,-2.09510501,621
53.48082659,-2.12176996,1751
53.47692438,-2.10970102,227
53.47561385,-2.11132063,338
53.48784825,-2.09507898,202
53.48938024,-2.09656778,424
53.48852883,-2.09544331,306
53.48692862,-2.09355293,279
53.48855757,-2.09428740,388
53.48790614,-2.08975442,162
53.48878398,-2.09345358,218
53.48872464,-2.09072119,304
53.48939179,-2.08915956,354
53.48785304,-2.09260013,295
53.48922726,-2.09245243,407
53.49006450,-2.10209977,632
53.48726223,-2.09647200,215
53.48577094,-2.09998494,803
53.48859357,-2.09870827,306
53.47323709,-2.11272845,809
53.45926143,-2.11836043,771
53.45638461,-2.11571956,419
53.45594098,-2.11427153,172
53.45446349,-2.11342874,212
53.45509043,-2.11238068,421
53.45106554,-2.13438657,1043
53.45507012,-2.12637829,319
53.45258601,-2.12867842,214
53.45403014,-2.12655377,303
53.45512552,-2.12893498,321
53.45478955,-2.13262152,496
53.47987855,-2.14603349,214
53.47439275,-2.09686896,484
53.47199563,-2.10106842,276
53.46956361,-2.09684329,211
53.47003873,-2.10273016,428
53.46674500,-2.09431589,836
53.48434566,-2.09155369,614
53.48300644,-2.07225063,622
53.45200689,-2.07823016,218
53.45196684,-2.07985827,268
53.45247343,-2.07878984,280
53.45110381,-2.07795728,376
53.46155862,-2.08885993,428
53.46216927,-2.09132406,254
53.45424413,-2.09144657,219
53.45181838,-2.08199542,784
53.46311006,-1.99657237,242
53.39595791,-2.35188745,251
53.38766971,-2.34838221,202
53.38806038,-2.35019024,367
53.38656339,-2.35300646,315
53.38638115,-2.34962791,224
53.38468701,-2.35233584,259
53.38547999,-2.35037695,255
53.38668573,-2.35214415,264
53.38643829,-2.35076797,275
53.38843731,-2.35124450,272
53.38785903,-2.34927449,420
53.38904121,-2.34722191,839
53.38829411,-2.35722879,272
53.38949452,-2.34926217,405
53.38307104,-2.35198610,201
53.38374428,-2.35259516,426
53.38397142,-2.35054579,333
53.39615187,-2.37391437,688
53.39032244,-2.34752522,820
53.37778266,-2.34714368,216
53.37764761,-2.34636898,838
53.37856704,-2.34904356,270
53.37700803,-2.34600322,438
53.39881749,-2.36081651,203
53.39794227,-2.36762913,398
53.39737053,-2.35985554,514
53.39771037,-2.36422903,1000
53.39861973,-2.35723369,247
53.40002572,-2.36779770,250
53.39646483,-2.36383451,272
53.39984534,-2.35576651,665
53.40576660,-2.34887072,837
53.43163424,-2.39349423,206
53.42681612,-2.38111143,385
53.43061016,-2.40015495,615
53.43024779,-2.39744807,341
53.46615454,-2.33608783,728
53.46363358,-2.33824132,430
53.46737648,-2.33029432,390
53.46621235,-2.34900205,9547
53.46858936,-2.35560302,906
53.47259183,-2.32247994,1001
53.47148228,-2.31336912,886
53.46792783,-2.36144491,655
53.46807346,-2.31925157,257
53.47278951,-2.31202358,262
53.47246186,-2.32799373,524
53.47534916,-2.33483864,415
53.47264228,-2.34860634,516
53.47606557,-2.31775998,1667
53.46808034,-2.31279992,308
53.47457672,-2.33017947,383
53.47238985,-2.34313119,464
53.46678678,-2.34231293,697
53.47341663,-2.33770500,619
53.47688489,-2.32873796,458
53.47010674,-2.33277711,1851
53.45408966,-2.37067913,2086
53.44971732,-2.37109439,298
53.36931591,-2.31455475,362
53.45725799,-2.28736645,1825
53.45968466,-2.27632604,467
53.45948506,-2.28274094,992
53.45999793,-2.27704845,259
53.43241778,-2.31963618,287
53.42524647,-2.32694495,230
53.42587460,-2.32862671,416
53.42407392,-2.32788991,267
53.46169338,-2.32843993,729
53.46693739,-2.32334529,335
53.46593177,-2.32782485,378
53.46453817,-2.30732325,200
53.46599569,-2.29302767,438
53.46472866,-2.31069014,356
53.46638746,-2.29095599,346
53.46762972,-2.30408488,603
53.46466025,-2.30969927,314
53.47024938,-2.30884951,552
53.46882860,-2.29650318,332
53.46015024,-2.32084743,570
53.46188728,-2.32601285,466
53.46011528,-2.30825332,477
53.46112640,-2.31305998,555
53.46594599,-2.31663789,290
53.46239013,-2.31783157,880
53.46606051,-2.31024092,293
53.46467802,-2.32417795,1213
53.45722212,-2.31701842,740
53.46567277,-2.30103380,271
53.46618299,-2.30883030,267
53.46593732,-2.30557148,373
53.42375275,-2.32334071,245
53.42456560,-2.32235365,255
53.42021007,-2.33088891,209
53.42995385,-2.31222300,589
53.43190221,-2.31741037,559
53.42508807,-2.32349029,467
53.42541231,-2.32067684,213
53.42514438,-2.31999925,733
53.42601647,-2.32341547,294
53.42354673,-2.29397369,519
53.44652541,-2.30696003,291
53.44524530,-2.31078931,1130
53.46836055,-2.26855544,386
53.46646208,-2.26701341,515
53.46259377,-2.29103063,1718
53.46151442,-2.28633400,317
53.46492386,-2.27444236,354
53.46431840,-2.27551300,764
53.46245016,-2.27989697,3976
53.45925407,-2.28550152,838
53.45903310,-2.28748339,1762
53.46021907,-2.28360646,1337
53.44765129,-2.35232009,657
53.44982601,-2.35412998,596
53.45049375,-2.36091473,289
53.48670318,-2.63785040,654
53.48222422,-2.64008925,370
53.59399132,-2.64978118,859
53.50374045,-2.43692738,937
53.48676284,-2.45110262,238
53.49944760,-2.63832187,1369
53.49918051,-2.63386165,1101
53.53673740,-2.59035391,396
53.53621548,-2.57743450,460
53.53529125,-2.57958926,463
53.49955302,-2.52779648,1055
53.49137988,-2.50428793,542
53.48246625,-2.50324845,316
53.48423346,-2.50526912,1155
53.53716848,-2.62894904,735
53.54189120,-2.60253755,1283
53.49711416,-2.51750123,231
53.49776310,-2.51393426,412
53.49653251,-2.51715519,348
53.49594702,-2.51444346,391
53.49557235,-2.51609691,688
53.49448697,-2.51970892,474
53.49449851,-2.51084189,415
53.49569515,-2.51007298,251
53.49422167,-2.51167353,263
53.50491096,-2.51374721,1096
53.46966305,-2.59079265,1063
53.54075573,-2.64404973,572
53.54326484,-2.65087278,1197
53.54310585,-2.64714930,236
53.54517644,-2.65407629,977
53.54581895,-2.65604707,378
53.55575667,-2.66684900,416
53.55222365,-2.66702782,223
53.55304147,-2.67430411,538
53.55051272,-2.63095202,208
53.54867336,-2.62966616,484
53.54955830,-2.63006470,481
53.55024640,-2.62806354,224
53.54936258,-2.62733693,680
53.54513185,-2.62995717,2216
53.54716606,-2.63198243,199
53.54895498,-2.63378153,522
53.54415769,-2.62994418,375
53.54350630,-2.62988339,356
53.54602365,-2.63559313,229
53.54774876,-2.63359709,308
53.54642443,-2.62884049,1294
53.54525687,-2.63112612,463
53.54830287,-2.63219654,290
53.54522315,-2.63348408,331
53.54646794,-2.63152837,389
53.54879404,-2.63457896,849
53.54699466,-2.63508460,548
53.54458951,-2.63313645,522
53.51901207,-2.65651279,1717
53.55174868,-2.68472921,2521
53.52892068,-2.65823481,711
53.53336461,-2.65712380,526
53.53980519,-2.63570232,632
53.54344931,-2.64125848,247
53.54191738,-2.64209650,223
53.54181612,-2.63204319,244
53.54473861,-2.63872254,265
53.54058875,-2.63123502,203
53.54018425,-2.63145378,723
53.54251847,-2.63463989,260
53.54306656,-2.63899583,483
53.46967505,-2.28814093,710
53.46882047,-2.28370420,235
53.48355187,-2.25220089,2082
53.48266247,-2.25282740,440
53.42581322,-2.31671990,349
53.54499069,-2.09618183,675
53.54725875,-2.09564342,443
53.40243559,-2.15621845,438
53.51447971,-2.03956896,237
53.48249323,-2.05304678,500
53.48287287,-2.05703878,268
53.57689699,-2.43118178,427
53.57654766,-2.43254523,493
53.57749081,-2.43044299,349
53.58037242,-2.43344373,283
53.57899938,-2.43126075,500
53.57654554,-2.43106909,585
53.57826333,-2.43077046,762
53.57745555,-2.43955800,571
53.58193179,-2.44167581,520
53.59345413,-2.42125359,874
53.57134515,-2.42946113,112
53.57246336,-2.43157457,598
53.57205790,-2.42514046,619
53.57065401,-2.42890050,371
53.56980369,-2.42499824,380
53.56825576,-2.42789175,447
53.58802253,-2.53846713,844
53.58614023,-2.54217092,698
53.48362689,-2.25971153,290
53.48197839,-2.25472400,431
53.48213253,-2.26688499,418
53.47515192,-2.29422987,486
53.47082120,-2.29543804,770
53.46615501,-2.28289626,514
53.46566038,-2.28118951,360
53.46587796,-2.28192240,842
53.47776741,-2.28984199,450
53.47811330,-2.29717075,586
53.47658081,-2.29469090,240
53.47832468,-2.29193825,768
53.47584179,-2.29485255,715
53.47216064,-2.28711076,946
53.47407392,-2.28631862,808
53.53755826,-2.40505401,818
53.51428492,-2.30208852,801
53.47546822,-2.30782967,1451
53.48255578,-2.32198495,510
53.48170312,-2.31130934,332
53.48452675,-2.25355266,370
53.46145691,-2.22470670,8687
53.48148816,-2.23250280,214
53.48316582,-2.23330098,272
53.48223421,-2.23394617,311
53.48132621,-2.23285719,1176
53.48119469,-2.23510803,335
53.46897228,-2.23066508,211
53.46234983,-2.22889142,280
53.46440496,-2.22976699,1605
53.46795851,-2.23322078,6575
53.46433887,-2.23476515,1898
53.46429137,-2.23221411,338
53.46301909,-2.23584295,521
53.48329582,-2.23232304,685
53.46757388,-2.23677402,1273
53.47989589,-2.25077920,2934
53.47983332,-2.24791561,448
53.48144535,-2.24884712,575
53.48144185,-2.24666141,338
53.48388263,-2.24520915,603
53.48207159,-2.24886780,333
53.48092842,-2.24929750,196
53.48184713,-2.24392346,217
53.48057072,-2.24635513,884
53.47926714,-2.24617952,717
53.47982787,-2.24934722,1284
53.48336079,-2.24684976,345
53.48221239,-2.24616240,269
53.48259036,-2.24739029,358
53.48061870,-2.24572973,511
53.48373858,-2.24394438,1144
53.47850305,-2.25110383,1102
53.47874670,-2.24902031,493
53.48105458,-2.24709645,225
53.48286491,-2.24563994,473
53.48154216,-2.24620912,247
53.48037858,-2.24794842,729
53.48153873,-2.24446738,237
53.47825024,-2.25043577,584
53.47884514,-2.25048552,766
53.48029388,-2.24697906,256
53.48077527,-2.24860228,228
53.47939673,-2.24727008,361
53.48134287,-2.24561880,410
53.47954802,-2.24818477,483
53.47898403,-2.24683075,870
53.48324775,-2.24594764,1182
53.48249114,-2.24493454,307
53.48716440,-2.24209531,113
53.48737585,-2.24426682,1965
53.48307215,-2.24458864,737
53.48060018,-2.24460002,447
53.48221383,-2.24689680,651
53.48278936,-2.24393448,240
53.48311892,-2.24769063,404
53.47016553,-2.23624215,248
53.46899111,-2.23519873,236
53.47110908,-2.23698756,338
53.48101525,-2.17224996,275
53.48675959,-2.23159001,255
53.48739594,-2.22718783,1960
53.47666759,-2.24214937,251
53.47665490,-2.24097141,399
53.47424439,-2.24104744,269
53.47561768,-2.24139945,1016
53.47620020,-2.24170865,310
53.47641073,-2.23959618,400
53.47985608,-2.24188915,905
53.48169290,-2.24175454,303
53.48173090,-2.24090694,786
53.48106485,-2.24355971,941
53.48296792,-2.24279484,4468
53.48163597,-2.23883888,1000
53.48058989,-2.24292074,781
53.48171664,-2.24293609,480
53.48263604,-2.24249625,477
53.47981326,-2.24293188,573
53.48096739,-2.24029592,1084
53.47908744,-2.24250724,676
53.48131474,-2.24190660,795
53.48213268,-2.24033056,239
53.48025254,-2.24239684,440
53.48520928,-2.24074027,852
53.48581862,-2.24102186,1078
53.48582791,-2.23730202,252
53.48723645,-2.23966625,444
53.48535220,-2.23343440,324
53.48577903,-2.23613841,258
53.48044535,-2.22847514,276
53.48079354,-2.23405726,248
53.47973509,-2.23391574,223
53.48053924,-2.23473404,340
53.47955222,-2.23279110,871
53.47840567,-2.23294760,680
53.47802280,-2.23562475,257
53.47928405,-2.23091427,352
53.48187121,-2.23721817,294
53.48235736,-2.23646505,398
53.48383598,-2.23690796,219
53.37957463,-2.26289195,400
53.37917650,-2.25858961,505
53.37839113,-2.26221916,324
53.38001270,-2.26224865,399
53.37936354,-2.26067954,220
53.46410704,-2.24571556,459
53.46126490,-2.24689621,772
53.49163652,-2.24231508,232
53.49174014,-2.24075957,214
53.49839958,-2.24535060,203
53.49538478,-2.24967152,234
53.49402233,-2.25192455,216
53.49487439,-2.24585730,364
53.49031974,-2.24812603,345
53.49190214,-2.24610595,628
53.49352868,-2.24166794,243
53.49636650,-2.23872057,225
53.49658942,-2.24217949,530
53.49546035,-2.24118637,239
53.44796293,-2.21546411,649
53.47780103,-2.24019242,197
53.47780072,-2.24223135,436
53.47898219,-2.23995706,238
53.47855563,-2.24063206,282
53.47910913,-2.24078761,237
53.48003807,-2.23978635,1262
53.47923822,-2.23914301,934
53.47928027,-2.23829152,342
53.47987767,-2.23810507,203
53.47693342,-2.23808674,345
53.47711475,-2.23997552,468
53.48047069,-2.23899176,1095
53.47981046,-2.24056303,990
53.48036911,-2.23643392,1447
53.47850193,-2.23937730,271
53.48052634,-2.24147920,386
53.48204652,-2.23566565,1177
53.48055570,-2.24075248,335
53.47558942,-2.24317214,221
53.47709675,-2.24367864,727
53.47995647,-2.24413323,527
53.47930638,-2.24455239,798
53.47497663,-2.24375276,824
53.47814357,-2.24282708,493
53.47867354,-2.24593810,690
53.47757299,-2.24594721,731
53.47820423,-2.23673468,442
53.47818632,-2.23832310,782
53.47743215,-2.23714804,419
53.47886782,-2.23746577,242
53.45761922,-2.22349189,795
53.39726530,-2.25873451,450
53.39787037,-2.25329923,421
53.39627710,-2.25130116,426
53.39704300,-2.25792361,339
53.39539813,-2.24775151,662
53.39520420,-2.24968141,338
53.47848555,-2.25308360,457
53.47786843,-2.25184700,239
53.47797039,-2.25158028,205
53.47785131,-2.25105514,199
53.47673528,-2.25082126,370
53.47864158,-2.25305710,615
53.47678179,-2.24967249,366
53.47835662,-2.24764060,564
53.47789815,-2.24760054,534
53.47648633,-2.24650409,256
53.48015961,-2.25220271,333
53.47979664,-2.25218664,1368
53.48013835,-2.25388760,3426
53.47344605,-2.25052989,414
53.47509162,-2.25118181,544
53.47858946,-2.25398923,353
53.48208746,-2.25134907,202
53.48340239,-2.24785092,607
53.48241608,-2.24980533,590
53.47094705,-2.23910986,1391
53.48117012,-2.23139910,355
53.48347931,-2.23390793,579
53.47775619,-2.23274573,1115
53.47699381,-2.23558692,241
53.49441423,-2.23722646,195
53.48429542,-2.23358913,568
53.47682841,-2.22433554,1554
53.47690910,-2.22980404,954
53.47511171,-2.22201716,227
53.47730508,-2.22326370,237
53.47814867,-2.23002014,849
53.62943062,-2.43911352,432
53.61251137,-2.44216544,292
53.62079721,-2.42868280,325
53.61856878,-2.43425509,313
53.62665675,-2.44360077,479
53.62109697,-2.41950369,309
53.61404013,-2.41271178,389
53.60461646,-2.39678854,554
53.61088175,-2.41395844,233
53.61232009,-2.40557294,256
53.60218627,-2.40961085,514
53.61634834,-2.42330120,335
53.60726504,-2.42421628,335
53.61066153,-2.43205104,351
53.60643466,-2.43203074,412
53.59906031,-2.53973034,246
53.60173804,-2.54769329,275
53.59679217,-2.55066335,297
53.60124998,-2.55267673,392
53.60232702,-2.54400346,332
53.60138760,-2.44368809,447
53.59638861,-2.42829332,416
53.60014455,-2.43370014,745
53.59745233,-2.43486362,245
53.59804811,-2.42628215,443
53.60270107,-2.43336324,286
53.60016049,-2.38469574,435
53.60593010,-2.39385965,371
53.59596368,-2.38835246,444
53.59770419,-2.54267618,264
53.58357607,-2.53530906,2229
53.58838393,-2.54033315,1582
53.58957866,-2.53868080,1139
53.59215988,-2.53563483,239
53.58563022,-2.52677510,627
53.59794737,-2.53327626,367
53.59886161,-2.45507951,386
53.59179105,-2.46195597,505
53.59037921,-2.44820132,319
53.59224942,-2.45259040,293
53.58932882,-2.57689160,326
53.59421534,-2.56537154,681
53.57662827,-2.56895706,259
53.59438071,-2.58549048,331
53.59438866,-2.40852466,430
53.58711917,-2.41341940,363
53.58944763,-2.41915839,560
53.59452458,-2.41336146,385
53.59747360,-2.41517570,394
53.59242178,-2.43749525,465
53.59647757,-2.44179547,242
53.58922503,-2.44033849,311
53.59375419,-2.44490595,502
53.58994648,-2.44555596,301
53.59210794,-2.48037172,355
53.58502968,-2.47852790,241
53.58846321,-2.46942771,609
53.59043138,-2.38759870,258
53.58978829,-2.39446080,482
53.58242275,-2.38424561,619
53.57933962,-2.52338372,1027
53.59123743,-2.52241431,258
53.57728937,-2.53446790,1030
53.58616913,-2.52152217,254
53.57476579,-2.52308335,895
53.58646169,-2.45202688,654
53.58638892,-2.45435469,349
53.57809310,-2.44979097,347
53.58099043,-2.44965380,324
53.58818884,-2.45738367,279
53.58406448,-2.44729110,517
53.58761273,-2.42827767,789
53.58223179,-2.43635409,271
53.57873561,-2.43168011,719
53.57078111,-2.43218068,335
53.58283275,-2.43059891,387
53.59149797,-2.42943694,217
53.57739170,-2.43481371,209
53.58816431,-2.43255781,250
53.58520934,-2.43471782,226
53.57764546,-2.41700320,375
53.58830772,-2.41246615,412
53.58216003,-2.41247314,577
53.58878179,-2.40821205,295
53.58055167,-2.40500086,246
53.57394618,-2.41029217,316
53.56942959,-2.45566921,329
53.56624025,-2.46250966,297
53.58505818,-2.46374213,382
53.58164409,-2.45856351,317
53.56936776,-2.46269910,433
53.58028555,-2.39447384,374
53.57463247,-2.37919438,298
53.58039510,-2.38101577,615
53.58080845,-2.38922647,283
53.56902851,-2.40277421,396
53.57094114,-2.48177428,305
53.56728736,-2.47393963,488
53.57898982,-2.47573953,579
53.57966910,-2.49861774,350
53.57176275,-2.45048913,415
53.56814394,-2.44323236,297
53.57567823,-2.43976614,783
53.57027880,-2.44169962,481
53.57276767,-2.44634668,454
53.57028447,-2.41813167,642
53.56522670,-2.42353711,615
53.56647615,-2.41823103,248
53.56263367,-2.41569523,293
53.56768525,-2.42054495,432
53.57570522,-2.42124864,533
53.56545951,-2.43139958,270
53.56703503,-2.40498830,279
53.56005346,-2.42539224,272
53.55763716,-2.45008017,345
53.56663796,-2.44281929,248
53.56407371,-2.44552571,664
53.56394222,-2.44905721,352
53.56580315,-2.44655149,278
53.56375034,-2.44322476,342
53.56392229,-2.45424272,260
53.56453799,-2.36540140,286
53.56200473,-2.37151028,332
53.55937731,-2.36949452,283
53.56437313,-2.37441554,299
53.56156657,-2.36781583,261
53.56189356,-2.38386507,357
53.55930357,-2.43731552,462
53.56841859,-2.43512091,572
53.55554221,-2.46229004,314
53.56208888,-2.45377326,454
53.56253215,-2.46367024,275
53.55458581,-2.39956285,244
53.54881481,-2.39209839,389
53.55338886,-2.40379140,565
53.55816405,-2.40167793,379
53.55411943,-2.41202605,511
53.55328188,-2.51947982,330
53.54863228,-2.51719674,504
53.55645666,-2.50891239,544
53.55037139,-2.49679837,242
53.55062219,-2.50742454,311
53.55450663,-2.41813905,371
53.54846848,-2.42076215,503
53.54228992,-2.47145801,416
53.56004289,-2.47063649,736
53.54288878,-2.51717781,298
53.54723933,-2.52503430,515
53.55911803,-2.52165610,555
53.54425281,-2.53126973,344
53.55648897,-2.52690228,493
53.54445591,-2.39075964,297
53.54796942,-2.39462443,464
53.54337991,-2.40083901,273
53.55001931,-2.40665145,290
53.54622228,-2.39015131,311
53.54753189,-2.40188904,415
53.54831498,-2.39264811,384
53.54502872,-2.41509308,703
53.54642839,-2.43223418,322
53.54752851,-2.37657083,318
53.53562437,-2.38853288,664
53.53615488,-2.36394963,328
53.54561883,-2.36367189,307
53.54358513,-2.36848310,519
53.54195067,-2.38224132,288
53.54322080,-2.36478530,298
53.53578056,-2.52170858,300
53.54141656,-2.54388005,275
53.53942738,-2.53394911,298
53.53419147,-2.52002246,310
53.64788822,-2.31885880,494
53.64078020,-2.32560664,293
53.64326573,-2.31595747,248
53.64498627,-2.32834745,532
53.64851571,-2.31724544,563
53.65275083,-2.30551249,390
53.62903778,-2.33720868,386
53.62633917,-2.33046531,350
53.63532976,-2.33172469,407
53.61451134,-2.34074251,436
53.61983182,-2.33960302,324
53.63039444,-2.36624400,242
53.61292523,-2.33837309,461
53.61285208,-2.35300766,245
53.63483358,-2.31711615,322
53.63695281,-2.30343018,338
53.61018127,-2.29352574,402
53.60722423,-2.29509825,580
53.62970473,-2.30228540,301
53.62083569,-2.29007972,508
53.60483106,-2.30791983,278
53.61372701,-2.31830114,410
53.60874737,-2.31368100,294
53.59847790,-2.30709653,408
53.60751175,-2.33989858,302
53.60099454,-2.32528039,464
53.60618659,-2.32588319,396
53.60053663,-2.25533202,2526
53.59344164,-2.26240823,773
53.59833248,-2.27540848,376
53.59950233,-2.28353972,688
53.60275500,-2.28397350,411
53.59460853,-2.27464955,257
53.59531622,-2.28390402,563
53.59819883,-2.29027842,616
53.59252026,-2.28074858,315
53.60244327,-2.29130021,323
53.58753303,-2.28435803,418
53.59715052,-2.27873996,291
53.60012261,-2.31805323,321
53.58717645,-2.31676613,559
53.59820410,-2.31522602,259
53.59166627,-2.31716372,307
53.60247900,-2.31504782,232
53.59648933,-2.31014981,286
53.58756745,-2.32806863,513
53.59500299,-2.33908641,294
53.59263190,-2.32603570,336
53.58602375,-2.30250117,322
53.58288061,-2.29816729,282
53.58561075,-2.28925471,290
53.58407081,-2.29263726,337
53.58773555,-2.35377027,324
53.57178283,-2.36661802,336
53.57349055,-2.36343286,936
53.57860105,-2.29553345,282
53.57361226,-2.29608394,308
53.57851498,-2.30885600,624
53.56906484,-2.28620919,670
53.56789371,-2.33504427,304
53.57566652,-2.33954015,337
53.56946460,-2.33257239,450
53.57066434,-2.31165898,606
53.56799117,-2.30779217,546
53.56649602,-2.31419404,239
53.56822009,-2.31704632,197
53.56490937,-2.31152372,290
53.56515992,-2.34443982,352
53.56366137,-2.33436056,389
53.55978483,-2.32999126,599
53.56358796,-2.32599304,473
53.56010829,-2.32480398,583
53.55847004,-2.32091788,362
53.55636053,-2.27755580,334
53.56475616,-2.27539963,330
53.56162962,-2.28670985,312
53.56058175,-2.27331317,416
53.55734287,-2.32868818,600
53.55137677,-2.33196907,327
53.56319493,-2.35649097,377
53.55308989,-2.31644212,353
53.55729084,-2.29833626,253
53.55401912,-2.30318995,297
53.54343189,-2.30773522,494
53.54383503,-2.29558693,294
53.54518970,-2.29265450,272
53.55300005,-2.28661834,329
53.54352329,-2.28896871,455
53.55787917,-2.28977126,248
53.55106232,-2.28830159,535
53.54814990,-2.28403265,727
53.55198207,-2.27868911,385
53.54858748,-2.25114208,415
53.53627853,-2.28601278,332
53.54018974,-2.28048291,508
53.52558045,-2.27605670,294
53.53429713,-2.26986541,397
53.52917310,-2.26825074,551
53.53793081,-2.27424431,359
53.53126566,-2.28432634,347
53.53127860,-2.28143142,246
53.52562099,-2.28511325,286
53.52190237,-2.27601588,226
53.51849600,-2.27357995,570
53.53429790,-2.27971677,373
53.53113468,-2.28988742,336
53.51780155,-2.28149008,670
53.51893386,-2.27000441,419
53.52513928,-2.25327501,302
53.52191942,-2.27298238,323
53.52067805,-2.27108208,365
53.52439312,-2.26572518,275
53.52017387,-2.25992636,356
53.53726792,-2.23725240,411
53.53381428,-2.22225168,641
53.52994503,-2.22909380,321
53.53602602,-2.21858040,361
53.52779956,-2.22257641,487
53.53121160,-2.21174923,310
53.52346874,-2.21445641,339
53.52302171,-2.22734060,434
53.52976178,-2.20568698,279
53.52401702,-2.19016761,298
53.52909351,-2.19780045,266
53.52205954,-2.18465879,345
53.52439310,-2.17253947,478
53.52759652,-2.19226035,307
53.52308084,-2.24129934,324
53.53103681,-2.24420692,363
53.52027095,-2.24953541,466
53.51624193,-2.16137522,315
53.51058879,-2.18310965,271
53.51619801,-2.16969669,440
53.51820648,-2.17632924,385
53.52223336,-2.22580030,406
53.51454443,-2.21671745,490
53.51684881,-2.21361356,391
53.51225792,-2.21079833,597
53.51168098,-2.19740369,470
53.50990993,-2.19212790,363
53.51420878,-2.19617779,301
53.51878487,-2.19050032,404
53.50759327,-2.24036731,463
53.51177374,-2.24207745,286
53.51653165,-2.24510426,850
53.50748884,-2.22481489,709
53.51244263,-2.23563304,831
53.51416413,-2.23831326,302
53.50033887,-2.21339999,431
53.50935326,-2.20566260,491
53.50214763,-2.21293907,398
53.49166449,-2.19549264,261
53.50170240,-2.18490338,353
53.50204851,-2.19288189,360
53.49704380,-2.16975670,427
53.49920272,-2.17557244,317
53.48610116,-2.17734528,429
53.49675644,-2.18277701,451
53.48966527,-2.21429026,368
53.48507571,-2.22468809,407
53.48046125,-2.21944594,297
53.48945110,-2.21256694,283
53.48300554,-2.21616966,490
53.49241369,-2.21482738,388
53.48275170,-2.19354186,239
53.47864538,-2.17511676,625
53.47695770,-2.19670302,321
53.47901013,-2.20165875,267
53.48382530,-2.17947249,484
53.48642135,-2.19683082,400
53.48435757,-2.18415005,243
53.47576857,-2.18205220,574
53.47254302,-2.15643722,432
53.46241675,-2.17664849,353
53.46465482,-2.16992406,278
53.46797131,-2.17732566,658
53.47403743,-2.16562655,179
53.47264945,-2.16244146,613
53.47041964,-2.22824367,270
53.46745353,-2.21784636,602
53.46402216,-2.22374348,690
53.46890750,-2.19983880,434
53.46719089,-2.22751462,343
53.46320923,-2.23865545,402
53.46574125,-2.23894625,352
53.46571114,-2.24992883,432
53.46104284,-2.22973663,393
53.46646103,-2.25315693,395
53.46032946,-2.24229396,767
53.46157446,-2.25172676,651
53.46295654,-2.18777379,416
53.46202294,-2.20699585,541
53.46799285,-2.19540721,388
53.46003054,-2.19129354,598
53.46864453,-2.18235636,727
53.46503322,-2.18430943,668
53.46548863,-2.15215809,570
53.46320484,-2.16689516,275
53.45736023,-2.15944088,514
53.46109870,-2.20837934,636
53.46225725,-2.22069133,224
53.45444043,-2.20144529,458
53.45580617,-2.21256612,291
53.45870451,-2.21742264,287
53.45797398,-2.20891621,281
53.46007864,-2.21823284,363
53.45538285,-2.20643224,252
53.45057841,-2.17517045,564
53.46042823,-2.17333007,468
53.45886291,-2.18053365,406
53.45725170,-2.24258027,441
53.45505302,-2.24459672,288
53.45137688,-2.24373989,276
53.45726764,-2.25403313,556
53.45441362,-2.22822119,336
53.45647398,-2.22802303,418
53.45684497,-2.23518320,520
53.45027490,-2.23543784,353
53.45182197,-2.21974526,249
53.45607112,-2.21787105,298
53.45353312,-2.20688474,330
53.44589115,-2.20716848,346
53.44981318,-2.21893649,315
53.45277290,-2.22249171,261
53.45905128,-2.22656077,467
53.45332121,-2.21610833,290
53.45200778,-2.18976123,336
53.44702312,-2.17780112,468
53.44775762,-2.19007902,456
53.45357002,-2.19614468,747
53.45335197,-2.26320323,565
53.45212537,-2.25743443,352
53.45091115,-2.26791656,532
53.44960505,-2.25643354,465
53.44450799,-2.28694269,335
53.44237608,-2.28028967,316
53.44838074,-2.27158414,301
53.44563767,-2.27754482,634
53.44642644,-2.28105755,267
53.44336050,-2.25450437,315
53.44549747,-2.24889659,799
53.44484738,-2.23332499,306
53.44680719,-2.23752218,379
53.44715019,-2.24530295,608
53.44684759,-2.19305930,269
53.44305117,-2.19108123,609
53.44432864,-2.19487906,364
53.43977514,-2.18552278,360
53.44520651,-2.18981233,383
53.44495821,-2.18675427,291
53.44391837,-2.21876143,238
53.44304773,-2.20457582,302
53.44320830,-2.22294864,240
53.43953330,-2.22516180,312
53.43966010,-2.22093361,428
53.44222595,-2.21746150,520
53.43998537,-2.27441723,598
53.43480581,-2.27295973,474
53.44251784,-2.27085577,578
53.43221203,-2.20092524,296
53.43687847,-2.18518281,339
53.43475998,-2.20587876,357
53.44258884,-2.20129179,434
53.43729877,-2.19605823,455
53.43615728,-2.23737938,328
53.43699250,-2.22952835,413
53.43328776,-2.24415004,429
53.43368171,-2.21219386,494
53.43902051,-2.21959494,1399
53.43877712,-2.28056835,415
53.43876809,-2.28615512,320
53.43182472,-2.26888107,364
53.43565917,-2.28041670,298
53.43236361,-2.23215265,418
53.42941936,-2.23782192,394
53.43386381,-2.22954946,442
53.42512460,-2.23523669,505
53.42728202,-2.24127226,752
53.42856703,-2.24596178,821
53.43329307,-2.25910765,401
53.42525371,-2.24522176,592
53.42436546,-2.23926733,254
53.43122282,-2.22786933,411
53.42604703,-2.22475118,406
53.42150803,-2.21691983,485
53.43438856,-2.22662099,341
53.42991375,-2.20827739,409
53.42458351,-2.20604873,350
53.43021944,-2.20041684,1112
53.42530442,-2.25759902,779
53.42068681,-2.24483632,515
53.42280557,-2.26301696,305
53.42250408,-2.24906562,236
53.42793414,-2.26292097,359
53.41718622,-2.22570840,372
53.41719532,-2.23857757,318
53.41960426,-2.22606082,284
53.41549297,-2.23319666,290
53.41603139,-2.23076735,273
53.42101891,-2.23748715,316
53.41034115,-2.27520784,769
53.40984458,-2.29200777,389
53.41185004,-2.28207298,355
53.41533685,-2.21693608,575
53.40337968,-2.22342496,322
53.41273055,-2.22308266,324
53.40829896,-2.22541362,596
53.40947240,-2.25616569,421
53.40727261,-2.25428857,294
53.40600562,-2.26175965,547
53.40728667,-2.25843959,452
53.40692312,-2.26473591,438
53.40309713,-2.25646395,221
53.39375356,-2.29825578,560
53.40152771,-2.30731174,274
53.39910008,-2.29896599,220
53.40485880,-2.29906909,588
53.40667862,-2.31157510,317
53.39775641,-2.29211313,307
53.39388773,-2.28492871,289
53.40083358,-2.28760659,307
53.39892417,-2.29417339,866
53.39356232,-2.27871074,307
53.39061213,-2.25373839,836
53.38653448,-2.25963376,401
53.39431186,-2.26428782,341
53.38103855,-2.25879620,330
53.38327735,-2.27032526,331
53.38247503,-2.26013468,373
53.38922722,-2.27142276,282
53.37891791,-2.28027918,307
53.38534211,-2.28649709,306
53.38521235,-2.27908882,655
53.37351328,-2.24885487,344
53.37823275,-2.26029233,485
53.38416574,-2.24803608,373
53.37424193,-2.25337736,934
53.37074060,-2.24837322,1378
53.37140874,-2.27377326,503
53.37122486,-2.26158093,610
53.37492478,-2.26907443,351
53.58573049,-2.10545989,388
53.58166093,-2.10951427,399
53.58165598,-2.09739955,391
53.57970848,-2.08849587,1749
53.58198016,-2.08810430,337
53.58027734,-2.09420143,256
53.58594088,-2.09378688,369
53.57424197,-2.09626469,328
53.58034642,-2.08084891,353
53.57694166,-2.09488193,425
53.58179112,-2.13282917,268
53.57261156,-2.13045182,472
53.57020123,-2.09911403,323
53.56746343,-2.11576417,296
53.56694299,-2.10671969,440
53.56915787,-2.12300728,323
53.57410372,-2.04034701,273
53.55149676,-2.00364499,365
53.58522508,-2.03423793,437
53.56681907,-1.99848303,595
53.56602889,-2.07770503,425
53.56378983,-2.07530719,271
53.56074979,-2.07463151,465
53.55804477,-2.13767376,964
53.56219261,-2.12690409,570
53.56408831,-2.12432811,568
53.56616720,-2.12419472,412
53.56615850,-2.12167240,546
53.55642177,-2.11990004,307
53.56429329,-2.11262095,822
53.56131127,-2.10886309,192
53.55307595,-2.14030423,514
53.55612398,-2.15132215,561
53.55170642,-2.09047047,978
53.54905783,-2.09888275,403
53.55319970,-2.08656443,472
53.55229581,-2.07734277,400
53.54779175,-2.07455982,650
53.54802754,-2.08580592,537
53.53636605,-2.02514971,282
53.56380089,-2.02513609,307
53.54808860,-2.00603887,501
53.55549676,-2.01885605,252
53.54634136,-2.06267950,327
53.54815272,-2.11919564,402
53.54609496,-2.10752045,246
53.55096251,-2.12022083,439
53.55344161,-2.10371841,335
53.54399314,-2.17024502,325
53.54535893,-2.15363598,378
53.55077732,-2.16074326,398
53.54534846,-2.12654271,425
53.55160595,-2.12819573,340
53.54704430,-2.12289201,281
53.54469354,-2.13310237,251
53.54089096,-2.12800581,498
53.54328175,-2.14778550,273
53.54052640,-2.13638727,353
53.54275936,-2.14232536,260
53.54905695,-2.13610527,486
53.54503677,-2.13728192,398
53.54672965,-2.15067682,454
53.53802105,-2.07235774,417
53.53332305,-2.06630374,305
53.54430350,-2.07108452,421
53.54227389,-2.06699378,330
53.54267245,-2.09144364,331
53.54435819,-2.08863318,357
53.53555369,-2.08191459,288
53.53665495,-2.00948648,752
53.54818966,-2.00384754,286
53.53136479,-1.99685275,423
53.53708308,-2.00211000,326
53.53677880,-2.05340189,287
53.53754324,-2.06668054,246
53.53716805,-2.03884730,342
53.54091278,-2.05882167,271
53.53854743,-2.09798065,332
53.53466525,-2.10042459,285
53.53627580,-2.10522567,409
53.53456137,-2.09505417,374
53.54077083,-2.10127744,502
53.52853633,-2.11640559,278
53.52869730,-2.10627217,485
53.53109157,-2.11369394,896
53.53868693,-2.11865138,563
53.53885981,-2.11100287,448
53.53553418,-2.07491459,302
53.52767529,-2.08223785,344
53.52581490,-2.13546971,434
53.52991452,-2.13989543,250
53.52781876,-2.14875879,379
53.52570455,-2.13986724,268
53.52374575,-2.15943949,434
53.52390501,-2.16474759,353
53.52677998,-2.15273871,336
53.53423960,-2.14801823,1409
53.51894661,-2.09981769,520
53.52568129,-2.10893004,295
53.52713485,-2.11583408,499
53.52360125,-2.10938504,666
53.51538090,-2.12677335,261
53.51391065,-2.12563000,254
53.52411716,-2.12343242,235
53.52315964,-2.12523282,365
53.51541340,-2.15084424,500
53.51662292,-2.14299888,671
53.51636197,-2.14560627,688
53.51240839,-2.14655891,314
53.50972227,-2.16114960,445
53.50575110,-2.16719648,670
53.50911563,-2.16653629,248
53.51059384,-2.15297145,376
53.50377873,-2.13476946,248
53.51117300,-2.10882171,418
53.50770601,-2.14631718,531
53.49676101,-2.15930259,304
53.50324689,-2.15985127,470
53.64647294,-2.09802317,286
53.64932892,-2.08966530,671
53.64271474,-2.10309783,652
53.64423126,-2.09576929,407
53.66088924,-2.08241403,315
53.64455149,-2.10283340,419
53.64005958,-2.14383486,436
53.64541511,-2.11366837,564
53.63294568,-2.09747043,215
53.63268514,-2.10937296,385
53.64464953,-2.08996857,307
53.63651495,-2.11792672,532
53.62980726,-2.13888437,309
53.62888969,-2.13530475,412
53.64308220,-2.12634774,819
53.63452055,-2.13422469,313
53.62929125,-2.16841136,294
53.63478800,-2.16628490,437
53.62899783,-2.15691639,445
53.63208397,-2.14387095,1076
53.63098205,-2.17312007,294
53.63314489,-2.18637411,363
53.62849722,-2.23158207,358
53.60531983,-2.22424906,361
53.62098614,-2.21014499,430
53.62628133,-2.20820777,358
53.62290078,-2.19415494,410
53.62663031,-2.21008241,256
53.61558347,-2.20587012,305
53.61941952,-2.14948760,264
53.62285466,-2.14092742,348
53.62764061,-2.14327288,336
53.62104957,-2.13290814,243
53.61368578,-2.14600888,393
53.62524788,-2.14685908,355
53.62659239,-2.15558694,274
53.62159920,-2.15080509,605
53.62231827,-2.18860725,265
53.61750383,-2.17028838,251
53.62233811,-2.18158234,265
53.61801420,-2.17512812,406
53.61457490,-2.17409708,238
53.62073773,-2.17413847,429
53.62798280,-2.18406537,363
53.62431415,-2.16014855,1317
53.60651542,-2.16752378,492
53.61957426,-2.16540627,283
53.62365564,-2.16785104,598
53.60685554,-2.17394685,369
53.61116002,-2.16947331,309
53.62372080,-2.15755898,220
53.60375984,-2.18376842,287
53.61270939,-2.18846726,329
53.60982937,-2.20661083,299
53.61480200,-2.12827203,367
53.61199327,-2.14179276,291
53.61218211,-2.13553927,491
53.60395601,-2.13858676,598
53.60346842,-2.14612365,402
53.61611304,-2.13405124,265
53.60656294,-2.11947481,350
53.60662796,-2.10631824,297
53.61216740,-2.11301671,281
53.61059816,-2.11268134,285
53.60129717,-2.10563487,317
53.60003228,-2.09636864,527
53.60757674,-2.07104362,336
53.60737268,-2.10430227,427
53.60876702,-2.10470850,355
53.60719547,-2.15210583,332
53.60773741,-2.16122651,276
53.61006612,-2.15635184,398
53.60277823,-2.15941388,583
53.60700016,-2.14742755,333
53.59766953,-2.16081655,359
53.59033797,-2.13904595,411
53.60114966,-2.15055106,371
53.59401385,-2.15623246,304
53.59766042,-2.14207202,256
53.59100353,-2.17351986,558
53.57988137,-2.17424924,303
53.58561673,-2.17580697,377
53.60117654,-2.18851801,406
53.59273250,-2.18155410,258
53.59589514,-2.18498575,527
53.60255474,-2.17389519,466
53.59143114,-2.21193410,614
53.58960881,-2.21276550,244
53.59360863,-2.21638485,625
53.59301766,-2.22158369,582
53.59138532,-2.21970003,428
53.59105770,-2.23200402,353
53.59621503,-2.22794277,274
53.59327597,-2.23974861,333
53.59295178,-2.24946495,322
53.58803911,-2.24418265,390
53.58488490,-2.20899582,373
53.59718639,-2.21463478,409
53.57811130,-2.21954763,444
53.59342245,-2.20799517,339
53.58228149,-2.21705648,394
53.55426061,-2.19845415,278
53.56406602,-2.18350046,336
53.56207415,-2.20048700,354
53.56915541,-2.18871331,625
53.55984342,-2.19191582,306
53.55984620,-2.21454145,333
53.55569736,-2.21071550,445
53.55775996,-2.22028623,251
53.55619620,-2.18492608,488
53.54748361,-2.17958591,380
53.55173381,-2.17887162,831
53.54697806,-2.18550568,364
53.55069264,-2.18288130,293
53.54218014,-2.17294593,339
53.54401053,-2.22695994,273
53.54677432,-2.20228674,1171
53.55436007,-2.19616703,370
53.55134864,-2.19811945,317
53.54759582,-2.19599270,380
53.54330173,-2.22195851,362
53.54964648,-2.19058241,293
53.55209721,-2.19357064,422
53.53730888,-2.19260660,401
53.53823607,-2.19862744,580
53.53826272,-2.18374850,362
53.53577321,-2.42830798,633
53.52731271,-2.41753302,553
53.53470746,-2.42353505,352
53.52837945,-2.40189000,460
53.53083619,-2.41968484,307
53.52820622,-2.41224952,343
53.52637848,-2.40100895,655
53.52389206,-2.39215591,251
53.52892183,-2.38867686,319
53.53112954,-2.40071002,341
53.52344607,-2.41122992,464
53.53129611,-2.43957789,1561
53.51080998,-2.33696467,431
53.51688447,-2.33285195,258
53.51889155,-2.33020310,534
53.52579020,-2.33222260,457
53.52163801,-2.34899537,251
53.51513194,-2.34064683,517
53.51899534,-2.33595387,389
53.52125994,-2.39616105,612
53.52200818,-2.38540689,293
53.51564904,-2.39428284,664
53.52313388,-2.39962906,462
53.51880206,-2.40407501,353
53.52369481,-2.31525148,518
53.50921010,-2.30674092,333
53.51127328,-2.32073673,344
53.50911309,-2.35154187,276
53.51584887,-2.35167504,281
53.51026907,-2.34289903,315
53.51220027,-2.34200669,408
53.51399749,-2.26219363,227
53.51430177,-2.24889754,337
53.51579138,-2.25437123,407
53.51128202,-2.25248050,232
53.51002952,-2.25901067,290
53.51038224,-2.26297373,402
53.51411027,-2.27047196,681
53.50428984,-2.27936544,341
53.50739297,-2.33392038,304
53.50922568,-2.33370749,276
53.50975096,-2.32586809,322
53.49668731,-2.33810965,538
53.51558670,-2.32813900,306
53.50645268,-2.34086754,396
53.50541355,-2.39089913,354
53.50307585,-2.41886959,564
53.50946999,-2.40550177,389
53.51096171,-2.41357630,340
53.50291969,-2.42457940,308
53.50641344,-2.38624961,231
53.51022462,-2.37397714,409
53.50232676,-2.35336010,308
53.50619229,-2.35067698,325
53.50599665,-2.35828798,295
53.49801972,-2.37786876,227
53.50116714,-2.37138694,303
53.49874567,-2.38067170,359
53.49680086,-2.32173237,327
53.50862358,-2.31449642,940
53.50513030,-2.32251740,255
53.50054344,-2.26800618,298
53.50345575,-2.26401318,219
53.50540599,-2.25100921,294
53.49621754,-2.26055494,289
53.50627896,-2.26128717,360
53.50314267,-2.25558554,624
53.49886430,-2.25621466,261
53.50922561,-2.25354699,316
53.49915292,-2.28771391,326
53.49303810,-2.27545177,674
53.49813306,-2.27482137,283
53.49873234,-2.29414306,825
53.49282130,-2.29741177,243
53.49496716,-2.30531252,538
53.49981801,-2.30858795,330
53.50008057,-2.31632019,378
53.49216330,-2.36782087,286
53.48862243,-2.36357503,594
53.48758392,-2.33685564,448
53.48475244,-2.33512354,403
53.48619125,-2.34825559,775
53.49320837,-2.33507359,429
53.48751402,-2.35269397,522
53.48525212,-2.33763510,732
53.49151718,-2.35316630,535
53.48719488,-2.33339390,243
53.49016118,-2.34330055,320
53.49303579,-2.34985158,318
53.48544384,-2.30875525,282
53.49343252,-2.31275116,286
53.48226656,-2.31228201,411
53.48243605,-2.31492313,1240
53.48967930,-2.31029857,287
53.48981896,-2.31865367,277
53.48757984,-2.32342187,5940
53.48247289,-2.30576945,301
53.47976749,-2.29692266,1395
53.49175104,-2.32373424,324
53.48707289,-2.25658753,431
53.48358445,-2.25573371,310
53.49107552,-2.27535230,1216
53.48372325,-2.24952199,564
53.48350635,-2.26409567,256
53.49292397,-2.25935432,322
53.48369768,-2.27669690,329
53.48457135,-2.24717973,698
53.48636678,-2.26440630,387
53.48668012,-2.25191029,450
53.49092938,-2.25268454,406
53.48791154,-2.29643184,340
53.48717758,-2.29370988,364
53.48399786,-2.29735228,264
53.49031878,-2.28457843,395
53.48446160,-2.28680077,286
53.48726607,-2.28445720,556
53.48091416,-2.36446779,285
53.47954595,-2.36667410,410
53.48214964,-2.36791606,260
53.47785708,-2.37926570,428
53.46901592,-2.39472223,232
53.48225982,-2.34278026,434
53.47787258,-2.35267255,367
53.47980434,-2.35587365,284
53.47936650,-2.34066003,329
53.47814663,-2.36389047,257
53.47516660,-2.36941391,374
53.48130495,-2.35888953,719
53.48373007,-2.35149402,393
53.47385605,-2.26567735,409
53.47078998,-2.29307138,958
53.47964599,-2.28442064,875
53.47230040,-2.26901514,237
53.46718473,-2.28166890,255
53.47852218,-2.28147778,455
53.47975035,-2.29370317,652
53.47728017,-2.27082047,355
53.46736059,-2.28740772,348
53.47381393,-2.28634220,1469
53.47912218,-2.28996427,252
53.47381471,-2.29023384,1866
53.47902495,-2.27766866,830
53.47288950,-2.28470916,874
53.46761511,-2.27656170,735
53.45237682,-2.41457108,406
53.44875091,-2.41467275,392
53.44919913,-2.41892803,374
53.46315384,-2.39487592,806
53.43228975,-2.44306458,314
53.42265187,-2.44132326,336
53.43796032,-2.43224301,390
53.43319239,-2.43260330,384
53.42829743,-2.43410111,775
53.44109827,-2.42035477,313
53.44478351,-2.15514049,429
53.44912407,-2.15635259,527
53.43636698,-2.16588745,559
53.45096699,-2.16597567,501
53.43865126,-2.16055063,497
53.44776433,-2.16562209,342
53.43291747,-2.16115763,563
53.43699556,-2.15668337,625
53.42819653,-2.16554544,555
53.43019030,-2.16078813,299
53.43031616,-2.15445410,334
53.43445823,-2.16515354,517
53.43267896,-2.13158159,273
53.42918071,-2.13422326,253
53.42696934,-2.13395381,309
53.42675462,-2.09026120,288
53.42614652,-2.10041583,461
53.43021033,-2.09565346,291
53.42715422,-2.18286496,389
53.42807871,-2.17925884,240
53.42941727,-2.17720490,277
53.42360719,-2.17823522,266
53.42665893,-2.17551379,420
53.41728639,-2.16389143,363
53.42251165,-2.16307857,318
53.42050471,-2.17158295,370
53.41650422,-2.16926309,226
53.42331733,-2.15628857,284
53.42108913,-2.16056921,447
53.41772350,-2.18882223,316
53.41809660,-2.18927806,360
53.41785491,-2.19956151,403
53.42159045,-2.18371087,339
53.42706778,-2.18786101,336
53.42389453,-2.11849552,409
53.41387374,-2.13386714,351
53.41565630,-2.12358657,316
53.42226812,-2.11604282,565
53.42330327,-2.10561701,284
53.42861868,-2.11132197,964
53.43005294,-2.11553948,1036
53.41363523,-2.08750837,334
53.41465195,-2.08515687,354
53.41084176,-2.07925438,358
53.41503280,-2.08993065,533
53.41644539,-2.06389061,310
53.40646321,-2.18478991,387
53.41426141,-2.18195196,351
53.41571997,-2.17686822,278
53.40281258,-2.09391488,347
53.41201150,-2.09606613,259
53.41279574,-2.10637441,362
53.41580603,-2.10424876,557
53.41253932,-2.10315421,325
53.41303289,-2.19420953,317
53.41389459,-2.20219827,302
53.40973932,-2.20448266,623
53.41838942,-2.21326450,548
53.41629082,-2.18970162,311
53.41644799,-2.15355427,636
53.41641372,-2.13793167,2283
53.41320205,-2.15862857,714
53.41164758,-2.15538176,372
53.40589279,-2.15518146,215
53.39952675,-2.15942830,238
53.40431453,-2.15894348,853
53.41043904,-2.14307439,376
53.40556947,-2.13956283,294
53.40187946,-2.13520283,448
53.39995864,-2.16713244,429
53.40223877,-2.16729204,314
53.40420532,-2.17419655,521
53.40053667,-2.04845000,317
53.39684625,-2.02426681,288
53.40327902,-2.05421436,484
53.39988469,-2.18374453,337
53.39986396,-2.20329282,938
53.40050172,-2.19166843,854
53.40265587,-2.18528078,271
53.40039784,-2.17762075,389
53.40325897,-2.14910182,610
53.40109938,-2.15101165,460
53.40187653,-2.14199847,308
53.39403093,-2.14676587,522
53.40535787,-2.15070208,400
53.39624111,-2.14820378,427
53.39812564,-2.08898652,342
53.39138915,-2.06668755,429
53.40434053,-2.07575427,302
53.39524123,-2.06800779,292
53.39370294,-2.06401005,546
53.39713607,-2.07453331,243
53.39685048,-2.10963803,242
53.38954771,-2.10672949,324
53.39362893,-2.11110919,317
53.39887800,-2.12100026,282
53.40175049,-2.12274045,437
53.39416627,-2.19907972,432
53.39529227,-2.20723336,276
53.39110397,-2.18699289,904
53.39185470,-2.16190724,440
53.39697788,-2.16427981,309
53.39561753,-2.15136337,326
53.39834670,-2.15491079,625
53.39487843,-2.15617780,238
53.39461799,-2.12414394,358
53.39456285,-2.12711077,408
53.39895757,-2.13462191,267
53.39091224,-2.24152570,273
53.39352677,-2.23399713,290
53.39360096,-2.23044775,299
53.39039900,-2.23776235,292
53.38959403,-2.16713810,368
53.39174701,-2.18055006,464
53.39537166,-2.18181177,733
53.38805670,-2.15256402,285
53.39302653,-2.15184790,296
53.38950220,-2.14171562,592
53.38856854,-2.13399682,359
53.39140855,-2.13903976,375
53.38516368,-2.13812958,450
53.38918748,-2.20748052,730
53.38381749,-2.23186792,288
53.39350372,-2.21901282,426
53.38701823,-2.22662467,356
53.39368395,-2.06181586,446
53.37730340,-2.05482187,263
53.38502044,-2.06456027,545
53.38999309,-2.07222769,293
53.38442116,-2.19648243,273
53.38359123,-2.21410762,762
53.38398530,-2.18594849,301
53.37876916,-2.19439613,319
53.38315649,-2.11870874,321
53.37712165,-2.11626017,553
53.38108264,-2.12292649,284
53.37981464,-2.11713361,235
53.37853756,-2.11968339,543
53.38097327,-2.12409367,276
53.38102066,-2.16506537,331
53.37589721,-2.16267659,337
53.37136010,-2.17392572,248
53.37260250,-2.12949826,238
53.37079016,-2.13559510,478
53.37435582,-2.12232503,307
53.37641738,-2.13717143,357
53.37372540,-2.20610447,318
53.37082226,-2.19790659,526
53.37849359,-2.10463932,302
53.36904618,-2.11951229,370
53.37242661,-2.11171761,427
53.37061134,-2.23438880,738
53.36941485,-2.22856442,307
53.36684757,-2.15239805,345
53.36308043,-2.15873784,515
53.37356875,-2.15653786,524
53.36320711,-2.06503441,347
53.36788792,-2.07047998,284
53.36482276,-2.07478642,368
53.36832800,-2.09350713,444
53.36954707,-2.18568984,254
53.35860945,-2.18938757,262
53.36580086,-2.19174010,803
53.37540249,-2.18170145,257
53.37275456,-2.21710959,299
53.36282806,-2.22600884,311
53.36138672,-2.21755454,265
53.35969778,-2.21403083,638
53.36630315,-2.20780097,295
53.35846956,-2.17179003,287
53.35620222,-2.17864020,255
53.36194623,-2.18128286,225
53.36543617,-2.18520056,260
53.35834520,-2.16236014,272
53.34371672,-2.16356941,344
53.34152227,-2.15873945,858
53.35843621,-2.16478238,378
53.51064107,-2.03828761,271
53.51863943,-2.04637281,417
53.51378159,-2.03680375,270
53.52245687,-2.03757978,416
53.52631492,-2.03046977,251
53.51649256,-2.04556316,349
53.51431690,-2.02702061,303
53.50559753,-2.07968144,303
53.50843863,-2.10495956,630
53.51654740,-2.02695473,346
53.50286063,-2.02556429,320
53.49726690,-2.03523465,351
53.50034080,-2.06791099,367
53.49430655,-2.08025342,727
53.50078397,-2.10441812,395
53.49723034,-2.10311931,446
53.50067156,-2.11035894,362
53.49445494,-2.09434941,374
53.49366426,-2.09234251,285
53.49366541,-2.10036657,253
53.50092412,-2.08234192,295
53.48531680,-2.07361591,266
53.49209037,-2.07551500,457
53.49173792,-2.08609302,245
53.48416484,-2.08174010,353
53.49224019,-2.07186034,3026
53.48734222,-2.04870615,444
53.48473217,-2.05975085,697
53.48685537,-2.06549644,438
53.48664424,-2.03832412,300
53.49259480,-2.03497446,372
53.48530420,-2.04537003,604
53.48460948,-2.05211970,264
53.48171557,-2.14252763,279
53.47793306,-2.14511539,414
53.48792691,-2.13430068,279
53.49090673,-2.13709567,272
53.48021987,-2.14604135,459
53.49367738,-2.13045269,342
53.48120720,-2.14843646,370
53.48787209,-2.15180596,416
53.48234241,-2.15710602,373
53.47515032,-2.15134453,305
53.47913076,-2.15133891,296
53.47908493,-2.16363223,284
53.48518423,-2.16394415,437
53.48093415,-2.10102299,774
53.48079194,-2.10751961,248
53.47879515,-2.11863182,420
53.48654380,-2.11056603,750
53.48207917,-2.11092968,500
53.47780679,-2.10933231,306
53.48906256,-2.11157905,378
53.48674475,-2.09866193,503
53.49015410,-2.09420295,3032
53.48444288,-2.10745822,586
53.48529941,-2.10511000,243
53.47780749,-2.12985604,255
53.48025796,-2.13160296,313
53.47228763,-2.13653363,664
53.47917206,-2.05660154,265
53.47137115,-2.02918449,279
53.47146015,-2.03684880,259
53.47971309,-2.07059968,455
53.48072536,-2.05008172,472
53.48111306,-2.06449879,514
53.47510714,-2.06462592,404
53.47796423,-2.08075961,783
53.47655988,-2.08342382,316
53.47761153,-2.09264935,263
53.48025670,-2.09807980,263
53.46838265,-2.09290419,601
53.47912065,-2.09369199,227
53.47281654,-2.08903105,278
53.47118796,-2.07518484,265
53.47304662,-2.06730419,272
53.47245641,-2.08786522,456
53.46977076,-2.07239118,576
53.47373544,-2.11953943,582
53.46864143,-2.11092506,820
53.46666756,-2.11905431,654
53.46473488,-2.09159640,339
53.46099031,-2.08200655,348
53.45500866,-2.08401633,247
53.46416462,-2.07568939,659
53.45902628,-2.08126804,242
53.46038598,-2.07248764,469
53.45610194,-2.06882911,332
53.45526410,-2.07632925,390
53.46523583,-2.06267918,300
53.46174576,-2.11310745,303
53.45152561,-2.11433816,345
53.45521102,-2.10968148,277
53.45835774,-2.06194492,298
53.45085474,-2.05096354,895
53.45234992,-2.06981656,268
53.46411256,-2.05762383,671
53.45903641,-2.01317581,333
53.44093231,-2.01152697,323
53.46226252,-1.99280522,379
53.45144454,-2.14546812,373
53.45458959,-2.15163684,379
53.45536761,-2.13345498,453
53.45901637,-2.12392763,289
53.45531198,-2.12029183,983
53.45544222,-2.10402537,631
53.44355646,-2.03175346,542
53.44959487,-2.02837311,578
53.45358127,-2.02195803,321
53.44950078,-2.07680003,584
53.44401467,-2.06446679,314
53.44780929,-2.07721712,263
53.45215610,-2.08502301,601
53.44570528,-2.07228500,325
53.44695802,-2.08646546,290
53.44917849,-2.06924142,323
53.45173950,-2.07463615,335
53.44351255,-2.10016806,394
53.44520883,-2.11197803,410
53.44003410,-2.09954652,419
53.43617468,-2.07858460,548
53.44135584,-2.07512519,365
53.43644504,-2.06961457,301
53.44080571,-2.06479800,250
53.45735508,-2.26277483,494
53.46303163,-2.27277196,493
53.46212427,-2.26308517,305
53.45869153,-2.26390345,327
53.45975141,-2.27460431,399
53.46498940,-2.26558187,337
53.46046415,-2.25877278,341
53.45477838,-2.34624690,300
53.45753040,-2.35692350,489
53.45812028,-2.35490888,328
53.45754034,-2.29052708,539
53.46047446,-2.29060487,864
53.45360187,-2.31011455,275
53.45705702,-2.29400891,471
53.45762498,-2.30412310,525
53.45380608,-2.30050243,1020
53.45793910,-2.29559916,319
53.45371861,-2.27182112,418
53.45160243,-2.27900761,382
53.45443043,-2.28294980,374
53.45106885,-2.37389267,240
53.44429986,-2.38441575,579
53.45716763,-2.36984344,335
53.45180859,-2.38149238,297
53.46138466,-2.36525737,490
53.45766706,-2.32393778,250
53.44628507,-2.32981533,336
53.44721446,-2.31865142,334
53.45404238,-2.32599687,303
53.44739548,-2.40003550,336
53.45502568,-2.39522041,257
53.45083535,-2.39014143,287
53.44750643,-2.39427460,586
53.45069350,-2.33551149,371
53.44258822,-2.31452108,490
53.43524906,-2.31694471,275
53.46011378,-2.33223061,272
53.44832179,-2.35624673,630
53.44671909,-2.34490352,353
53.44852262,-2.34287915,276
53.44949254,-2.35098568,475
53.45321738,-2.35979019,297
53.44915377,-2.36619413,288
53.44524734,-2.36261367,365
53.44251942,-2.36816303,286
53.44902520,-2.30783687,379
53.44375665,-2.29824236,251
53.45091613,-2.31020321,334
53.44526707,-2.30586758,445
53.44859059,-2.30023709,302
53.43068679,-2.32135958,270
53.42962112,-2.31862671,357
53.42533083,-2.33320713,254
53.42809061,-2.32298829,641
53.42931412,-2.32503620,318
53.42179340,-2.33014064,705
53.42314365,-2.35530433,315
53.42967982,-2.34237990,383
53.43060525,-2.35381066,384
53.43088644,-2.34259419,309
53.42776785,-2.29971445,276
53.41745845,-2.30875831,284
53.42118136,-2.30831391,279
53.42110367,-2.30083589,275
53.42033832,-2.30462518,422
53.41420645,-2.30559026,290
53.41783383,-2.32465454,295
53.41678977,-2.32053298,243
53.42309762,-2.31139877,369
53.42345549,-2.31931020,377
53.42385409,-2.31694824,961
53.41872628,-2.31731736,464
53.41639963,-2.32541910,378
53.42695275,-2.32082013,313
53.42362614,-2.32608607,859
53.41948166,-2.33900074,404
53.42505402,-2.34223656,288
53.41498589,-2.34957212,284
53.41926532,-2.33762915,603
53.41594781,-2.43660928,394
53.42101277,-2.42310108,518
53.41771269,-2.42542867,424
53.41901613,-2.29243463,447
53.41442619,-2.30123249,418
53.40576979,-2.36443572,452
53.40129739,-2.36020662,320
53.41400760,-2.35744609,396
53.40973397,-2.34621480,290
53.40896750,-2.33909490,300
53.40154238,-2.34202322,433
53.41596213,-2.33501231,266
53.40400976,-2.34090193,646
53.40122000,-2.32481797,473
53.40991822,-2.32426262,364
53.40421613,-2.33147345,436
53.39002904,-2.31069379,274
53.39804323,-2.31720008,556
53.39254445,-2.31030703,339
53.40217734,-2.33581304,297
53.38949100,-2.32121204,252
53.39201148,-2.33178411,239
53.39672879,-2.32562685,297
53.39665616,-2.32044183,269
53.39282383,-2.33424204,309
53.38551850,-2.33802678,715
53.38494626,-2.34587067,835
53.39789336,-2.35301789,385
53.39946596,-2.34997902,353
53.39038518,-2.34374207,613
53.39682912,-2.35090428,652
53.40192394,-2.35285868,372
53.39502177,-2.35124260,267
53.39082230,-2.34682612,417
53.39619355,-2.35958794,390
53.39519902,-2.37098647,479
53.38899243,-2.37352441,343
53.38271110,-2.39903807,295
53.38630326,-2.35851967,326
53.39219068,-2.35139301,731
53.39356544,-2.41556275,311
53.38260061,-2.32516156,341
53.38293669,-2.33634072,314
53.37574491,-2.34311725,290
53.37181115,-2.34065063,289
53.37972494,-2.34363868,581
53.38031777,-2.36880776,225
53.38151404,-2.34860122,471
53.37747354,-2.36072949,307
53.38261207,-2.35536758,279
53.37246251,-2.35673084,294
53.37650961,-2.35124775,409
53.38123319,-2.36045591,320
53.37251452,-2.36527699,282
53.37390132,-2.32176914,313
53.38067314,-2.31777941,254
53.36424502,-2.29785052,324
53.36715342,-2.31236230,248
53.37221113,-2.31555689,301
53.36771832,-2.32650462,321
53.59001231,-2.68522815,303
53.58734935,-2.66976440,358
53.59272300,-2.67293183,411
53.58617708,-2.66336573,535
53.58886737,-2.66042563,261
53.59321913,-2.65573562,497
53.58474988,-2.66006341,583
53.57407920,-2.69941471,239
53.57608682,-2.68549895,339
53.56249720,-2.66858786,266
53.58378452,-2.70638927,636
53.57109157,-2.69420850,285
53.57145586,-2.70121174,279
53.56987726,-2.58990924,282
53.57329664,-2.60971322,334
53.59257818,-2.63486554,257
53.57004887,-2.58364695,257
53.55813440,-2.65367146,298
53.56283629,-2.64403948,434
53.55441288,-2.65585301,668
53.55889995,-2.64586520,225
53.55443923,-2.62206622,285
53.56518875,-2.63325160,292
53.55283131,-2.62772820,517
53.55706636,-2.63451538,368
53.55757993,-2.62952567,2225
53.56200985,-2.58227489,280
53.55693793,-2.59816723,1011
53.55146310,-2.64589145,253
53.54853244,-2.64474352,464
53.55200161,-2.63413175,785
53.55574346,-2.63819687,266
53.55545608,-2.64868611,418
53.54638603,-2.61102458,325
53.55284880,-2.61896210,359
53.54346973,-2.62444148,253
53.54266250,-2.62194405,224
53.54402599,-2.61216064,304
53.54889964,-2.62324749,484
53.55237828,-2.68231288,1382
53.54723701,-2.65453183,808
53.54147850,-2.67259279,650
53.54836518,-2.68528150,288
53.54161884,-2.68692015,429
53.53834253,-2.69466945,305
53.53815671,-2.61305844,248
53.54054979,-2.62224732,248
53.53494948,-2.61459554,307
53.53963303,-2.60578519,543
53.55254723,-2.59441104,472
53.54338974,-2.59032361,465
53.53356891,-2.57809583,440
53.53814636,-2.57014199,296
53.52759222,-2.57419623,329
53.53458697,-2.58147275,554
53.53998530,-2.57626055,276
53.53232603,-2.58484650,325
53.53826171,-2.66979347,328
53.53364927,-2.67640039,477
53.53623601,-2.66585366,387
53.53655437,-2.68291512,718
53.53441619,-2.68049486,434
53.53135463,-2.67558310,444
53.52940305,-2.64379592,389
53.54008603,-2.63717236,442
53.53930714,-2.65208242,589
53.53247291,-2.65047038,316
53.53328323,-2.56415013,617
53.52957336,-2.56705686,345
53.52983929,-2.48659647,367
53.53625937,-2.49504401,394
53.52703838,-2.49458882,378
53.52948569,-2.50725018,610
53.52795744,-2.71420625,250
53.53961283,-2.70079163,322
53.53285928,-2.71130856,272
53.52143235,-2.71461254,321
53.53981682,-2.70639435,432
53.52370944,-2.70293593,766
53.52740453,-2.54172690,285
53.52435584,-2.54934163,372
53.52926126,-2.54540456,510
53.52721019,-2.54730943,744
53.52224999,-2.53785559,310
53.51817324,-2.65028686,471
53.52434596,-2.64205429,688
53.52122327,-2.66852256,338
53.52146274,-2.67138925,301
53.52831331,-2.67149012,501
53.51747737,-2.65526655,323
53.51396251,-2.47795781,450
53.51937761,-2.47880701,520
53.51628033,-2.47579747,398
53.52529792,-2.48618471,433
53.52865190,-2.47928876,402
53.52766645,-2.50326694,509
53.52362716,-2.49084491,476
53.52257093,-2.50712202,319
53.52108201,-2.49881738,294
53.51701484,-2.50896445,276
53.52109341,-2.49041742,454
53.52383581,-2.49476261,491
53.52826591,-2.61097291,318
53.52230689,-2.59593213,611
53.51948759,-2.60166046,449
53.51343837,-2.60450986,358
53.51403338,-2.44363938,329
53.51423655,-2.46927458,307
53.51522535,-2.47125097,444
53.51415419,-2.46373464,420
53.51783015,-2.46097829,400
53.50852554,-2.59231722,307
53.51777150,-2.57697643,838
53.51653151,-2.54961386,744
53.51443364,-2.59068838,337
53.50957808,-2.52180167,367
53.51411678,-2.52982561,521
53.50975093,-2.52941928,285
53.50832600,-2.44992312,341
53.50479524,-2.46065020,724
53.49512663,-2.46461494,433
53.49918583,-2.45406950,281
53.50378855,-2.44532293,461
53.51212821,-2.43146163,280
53.50860129,-2.43994143,289
53.50895861,-2.43019944,342
53.49723695,-2.52005111,512
53.49984424,-2.51817162,324
53.50501123,-2.52109273,343
53.49976911,-2.52093633,321
53.49526106,-2.52240023,350
53.49738631,-2.51603354,560
53.50387649,-2.52504272,697
53.49732569,-2.50876334,849
53.49488823,-2.48925275,610
53.49475712,-2.50470832,328
53.50085905,-2.64862955,463
53.49670208,-2.64403510,258
53.50360645,-2.64455998,386
53.51028442,-2.64976650,391
53.49914468,-2.54076466,360
53.49430185,-2.55039716,284
53.49800103,-2.52987666,429
53.48819486,-2.49862354,326
53.49352474,-2.50354431,324
53.49697192,-2.49637213,287
53.49374900,-2.49082836,464
53.48788008,-2.62705752,612
53.49434093,-2.62487159,517
53.49364018,-2.64504041,414
53.48862846,-2.64145579,376
53.48829201,-2.63651318,592
53.48475123,-2.63936953,290
53.49208845,-2.52214952,240
53.48874145,-2.53025100,495
53.49211579,-2.51827010,617
53.48294408,-2.52202337,335
53.47476071,-2.59766672,579
53.48183465,-2.60464732,699
53.47720678,-2.59549822,296
53.47903292,-2.59703808,643
53.47280731,-2.59266577,430
53.47897980,-2.60272656,287
53.47901334,-2.58077662,289
53.46624790,-2.57774456,383
53.48427793,-2.59265860,716
53.47394452,-2.57922856,554
53.47950218,-2.54599269,951
53.47374471,-2.55414789,594
53.46935633,-2.56687849,455
53.47949721,-2.53974548,366
53.47327009,-2.56162448,430
53.53465495,-2.13821567,298
53.53594712,-2.13238370,235
53.53796318,-2.12946239,554
53.52951641,-2.12256868,514
53.53117221,-2.13113302,247
53.52844409,-2.12823581,340
53.53398324,-2.12298361,394
53.53543221,-2.13046165,258
53.49278217,-2.22386700,276
53.48584716,-2.22670125,428
53.48418031,-2.23720603,255
53.48631188,-2.23334401,256
53.48781625,-2.23947185,418
53.49035158,-2.22984830,543
53.48285753,-2.23870973,311
53.48426394,-2.23598555,272
53.48405026,-2.24112259,1150
53.48827095,-2.23549252,360
53.47982831,-2.23074247,344
53.47562405,-2.23744062,435
53.48467837,-2.23148331,300
53.47292102,-2.23995586,440
53.47449898,-2.23742885,974
53.47805956,-2.22516892,292
53.47837365,-2.22323750,358
53.47614211,-2.23159788,331
53.48185828,-2.22472869,302
53.47731262,-2.23451489,728
53.47962754,-2.23643189,957
53.49185950,-2.23269301,272
53.49293170,-2.23858726,596
53.50350999,-2.23266738,250
53.50445877,-2.23611433,300
53.49711082,-2.23473771,1114
53.49733264,-2.22739367,540
53.49991034,-2.22814477,811
53.48951560,-2.24102382,1102
53.47225288,-2.24815940,430
53.46932332,-2.23905476,376
53.47320191,-2.24217446,1019
53.47524452,-2.24117239,1645
53.47400850,-2.23880129,585
53.47284504,-2.24650287,1140
53.47576444,-2.23867485,466
53.47223807,-2.23813127,1374
53.50079720,-2.23868062,266
53.51051094,-2.24413945,377
53.49857404,-2.25105064,403
53.50691974,-2.24360241,394
53.48818991,-2.24404495,350
53.47067871,-2.26391239,310
53.47081083,-2.26114727,351
53.46887235,-2.25331180,269
53.47278063,-2.26166094,627
53.47679666,-2.25729142,425
53.47454492,-2.24609564,554
53.47595249,-2.24466745,1962
53.47502098,-2.25187468,492
53.47624581,-2.25293842,399
53.47423406,-2.24517495,485
53.47268067,-2.25092694,429
53.47446101,-2.25476558,690
