code,name,easting,northing,latitude,longitude
E01005756,Stockport 004D,391223,392954,53.43329,-2.13357
E01005757,Stockport 014A,390660,391186,53.41739,-2.14199
E01005754,Stockport 004B,390870,392662,53.43066,-2.13888
E01005755,Stockport 004C,391140,391965,53.4244,-2.13479
E01005752,Stockport 012A,393251,391229,53.41782,-2.103
E01005753,Stockport 004A,391339,392429,53.42858,-2.13181
E01005750,Stockport 009D,391543,391243,53.41792,-2.12871
E01005751,Stockport 009E,392458,391480,53.42006,-2.11495
E01005758,Stockport 014B,389815,390030,53.40699,-2.15466
E01005759,Stockport 023A,389192,388503,53.39324,-2.16399
E01006026,Tameside 022B,395829,395129,53.4529,-2.06428
E01006027,Tameside 027B,397528,394629,53.44842,-2.03869
E01006024,Tameside 022A,396277,394999,53.45173,-2.05753
E01006025,Tameside 027A,398051,394921,53.45104,-2.03081
E01006028,Tameside 028A,395469,394822,53.45014,-2.0697
E01006029,Tameside 028B,395261,394691,53.44896,-2.07283
E01005849,Stockport 036C,384832,385659,53.36758,-2.22942
E01005237,Manchester 022E,386682,395216,53.45353,-2.20201
E01005234,Manchester 027E,386948,395260,53.45393,-2.19801
E01005238,Manchester 027F,386893,394858,53.45032,-2.19882
E01005836,Stockport 031B,392618,387240,53.38196,-2.11245
E01005837,Stockport 021D,393011,387858,53.38752,-2.10655
E01005834,Stockport 031A,392342,387617,53.38534,-2.11659
E01005832,Stockport 021A,391775,389251,53.40002,-2.12517
E01005833,Stockport 021B,392285,389077,53.39846,-2.11749
E01005830,Stockport 027E,391016,388325,53.39168,-2.13655
E01005831,Stockport 027F,391323,388054,53.38926,-2.13193
E01005838,Stockport 031C,391965,387206,53.38164,-2.12226
E01005839,Stockport 035C,393151,386758,53.37763,-2.10441
E01005196,Manchester 023B,388759,395182,53.45327,-2.17074
E01005194,Manchester 027A,387513,394865,53.45039,-2.18949
E01005118,Manchester 034A,386518,393073,53.43426,-2.2044
E01005199,Manchester 027B,387682,394627,53.44826,-2.18694
E01005119,Manchester 041A,386589,392144,53.42591,-2.20328
E01005076,Manchester 039A,384140,392098,53.42543,-2.24014
E01005078,Manchester 042B,383712,391524,53.42026,-2.24655
E01005216,Manchester 034D,387406,393624,53.43924,-2.19104
E01005217,Manchester 034E,386732,393501,53.43811,-2.20119
E01005215,Manchester 034C,387997,393326,53.43657,-2.18215
E01005218,Manchester 034F,386780,393911,53.44181,-2.20049
E01005219,Manchester 031A,387107,394283,53.44515,-2.19558
E01005797,Stockport 023C,390044,388627,53.39438,-2.15118
E01005796,Stockport 039E,387947,386578,53.37592,-2.18264
E01005795,Stockport 039D,387627,384687,53.35891,-2.18737
E01005794,Stockport 041B,387965,384912,53.36095,-2.1823
E01005793,Stockport 039C,387107,384933,53.36111,-2.19519
E01005792,Stockport 041A,388045,385445,53.36574,-2.18112
E01005791,Stockport 039B,387443,385357,53.36493,-2.19016
E01005790,Stockport 034D,386366,385998,53.37066,-2.20638
E01005799,Stockport 026D,389137,387904,53.38786,-2.1648
E01005798,Stockport 027A,390042,388151,53.3901,-2.15119
E01033671,Manchester 039F,383927,392347,53.42766,-2.24336
E01005312,Manchester 036E,385773,393378,53.43699,-2.21562
E01005310,Manchester 036C,386041,393683,53.43974,-2.2116
E01005311,Manchester 036D,386078,393261,53.43594,-2.21102
E01005276,Manchester 038C,384604,392713,53.43098,-2.23319
E01005277,Manchester 038D,384631,392186,53.42624,-2.23275
E01005274,Manchester 038A,384503,393036,53.43388,-2.23473
E01005275,Manchester 038B,384298,392578,53.42975,-2.23779
E01005272,Manchester 035B,383964,393068,53.43415,-2.24283
E01005273,Manchester 035C,384901,393296,53.43622,-2.22875
E01005270,Manchester 035A,384376,393420,53.43733,-2.23665
E01005271,Manchester 032C,385251,393632,53.43925,-2.2235
E01005278,Manchester 035D,384694,393692,53.43978,-2.23188
E01005279,Manchester 035E,383928,393610,53.43902,-2.24341
E01005776,Stockport 028E,385443,387593,53.38498,-2.22032
E01005777,Stockport 034A,386481,386578,53.37588,-2.20467
E01005774,Stockport 028D,386116,388315,53.39148,-2.21024
E01005775,Stockport 025D,384056,388153,53.38997,-2.2412
E01005772,Stockport 028B,384874,388016,53.38877,-2.22889
E01005773,Stockport 028C,385623,388234,53.39075,-2.21765
E01005770,Stockport 025B,384068,388579,53.3938,-2.24104
E01005771,Stockport 025C,384547,388694,53.39485,-2.23385
E01005778,Stockport 022B,386983,388780,53.39569,-2.19722
E01005779,Stockport 022C,386802,388505,53.39321,-2.19993
E01006046,Tameside 030E,395130,393483,53.4381,-2.07478
E01006044,Tameside 030C,394641,393602,53.43917,-2.08213
E01006045,Tameside 030D,395619,393127,53.4349,-2.06742
E01006042,Tameside 030A,395499,393605,53.4392,-2.06922
E01006043,Tameside 030B,394815,394013,53.44286,-2.07953
E01006040,Tameside 028E,394660,394769,53.44966,-2.08187
E01006041,Tameside 028F,395092,394338,53.44579,-2.07536
E01005906,Stockport 038B,395780,385102,53.36277,-2.06488
E01005987,Tameside 024B,390445,394696,53.44894,-2.14534
E01005907,Stockport 038C,395441,385392,53.36538,-2.06998
E01005986,Tameside 025B,392230,395034,53.45201,-2.11846
E01005904,Stockport 010E,394448,391040,53.41614,-2.085
E01005985,Tameside 024A,390770,395108,53.45265,-2.14045
E01005905,Stockport 012E,392842,391183,53.4174,-2.10916
E01005984,Tameside 029F,393096,393509,53.43831,-2.10539
E01005902,Stockport 012D,392988,390713,53.41318,-2.10696
E01005983,Tameside 029E,393504,393608,53.43921,-2.09926
E01005903,Stockport 010D,394693,391357,53.41899,-2.08132
E01005982,Tameside 029D,392340,394176,53.44429,-2.11679
E01005900,Stockport 010C,394067,390859,53.4145,-2.09073
E01005981,Tameside 029C,392852,394454,53.4468,-2.10909
E01005901,Stockport 012C,393105,390144,53.40807,-2.10519
E01005980,Tameside 029B,393144,394361,53.44597,-2.10469
E01005908,Stockport 017D,397778,388640,53.39458,-2.03488
E01005989,Tameside 025C,391901,394567,53.44781,-2.12341
E01005909,Stockport 029A,396360,388161,53.39028,-2.0562
E01005988,Tameside 024C,390018,395198,53.45344,-2.15178
E01005866,Stockport 006C,388301,392340,53.42772,-2.17753
E01005867,Stockport 008C,387288,391405,53.41929,-2.19274
E01005864,Stockport 006B,387839,392016,53.42479,-2.18447
E01005865,Stockport 008B,387452,391914,53.42387,-2.19029
E01005862,Stockport 003A,388789,392417,53.42842,-2.17019
E01005863,Stockport 006A,388481,391875,53.42354,-2.1748
E01005860,Stockport 011C,388246,391296,53.41833,-2.17831
E01005861,Stockport 011D,388401,390975,53.41545,-2.17598
E01005868,Stockport 008D,386566,391584,53.42088,-2.20361
E01005869,Stockport 006D,388271,392800,53.43185,-2.178
E01005846,Stockport 040A,385746,386054,53.37115,-2.21569
E01005847,Stockport 040B,385242,385490,53.36607,-2.22325
E01005844,Stockport 036A,385159,386190,53.37236,-2.22452
E01005845,Stockport 036B,384699,386148,53.37197,-2.23143
E01005842,Stockport 038A,392957,385718,53.36828,-2.10731
E01005843,Stockport 021E,392938,388379,53.39219,-2.10765
E01005840,Stockport 031D,391728,387126,53.38092,-2.12582
E01005841,Stockport 035D,392867,386178,53.37242,-2.10867
E01005848,Stockport 040C,385685,385479,53.36598,-2.21659
E01005976,Tameside 026B,393067,395180,53.45333,-2.10587
E01005977,Tameside 026C,393078,394833,53.45022,-2.10569
E01005975,Tameside 021D,392396,394754,53.44949,-2.11597
E01005979,Tameside 029A,393720,394081,53.44346,-2.09602
E01005826,Stockport 024B,391966,388618,53.39433,-2.12228
E01005827,Stockport 024C,391510,388682,53.3949,-2.12913
E01005824,Stockport 024A,391234,389141,53.39902,-2.13329
E01005825,Stockport 019A,390561,388591,53.39407,-2.1434
E01005822,Stockport 016D,389007,389728,53.40426,-2.16681
E01005823,Stockport 018F,388007,389688,53.40388,-2.18185
E01005820,Stockport 018D,388294,389410,53.40138,-2.17752
E01005821,Stockport 018E,387663,389397,53.40125,-2.18702
E01005828,Stockport 024D,392117,388183,53.39042,-2.12
E01005829,Stockport 024E,391709,388031,53.38905,-2.12613
E01005083,Manchester 039D,383859,391874,53.42341,-2.24435
E01005168,Manchester 045B,385482,390722,53.41311,-2.21989
E01005169,Manchester 045C,385030,390120,53.40768,-2.22665
E01005242,Manchester 025B,384642,395206,53.45339,-2.23274
E01005240,Manchester 024A,384026,395129,53.45267,-2.24201
E01005241,Manchester 025A,384573,394840,53.45009,-2.23376
E01005806,Stockport 033A,391474,386061,53.37134,-2.1296
E01005887,Stockport 002A,389142,394513,53.44726,-2.16495
E01005807,Stockport 035B,392015,385687,53.36799,-2.12146
E01005886,Stockport 001A,389748,394681,53.44879,-2.15583
E01005804,Stockport 023E,389464,388716,53.39516,-2.15991
E01005885,Stockport 020E,395830,388736,53.39544,-2.06417
E01005805,Stockport 035A,392314,385988,53.3707,-2.11698
E01005884,Stockport 020D,394638,389016,53.39795,-2.0821
E01005802,Stockport 027C,390549,387802,53.38697,-2.14356
E01005883,Stockport 017C,395914,389407,53.40147,-2.06292
E01005803,Stockport 027D,390264,387474,53.38402,-2.14783
E01005882,Stockport 020C,395082,389229,53.39987,-2.07543
E01005881,Stockport 017B,397050,389571,53.40295,-2.04583
E01005801,Stockport 027B,391019,387812,53.38707,-2.1365
E01005880,Stockport 017A,396785,390230,53.40887,-2.04982
E01005808,Stockport 037A,389638,385853,53.36944,-2.1572
E01005889,Stockport 001C,389685,394207,53.44453,-2.15676
E01005809,Stockport 037B,390052,385275,53.36425,-2.15096
E01005888,Stockport 001B,390037,394469,53.44689,-2.15148
E01005306,Manchester 040C,384928,391943,53.42407,-2.22828
E01005307,Manchester 040D,385196,392638,53.43032,-2.22427
E01005304,Manchester 040B,385222,393038,53.43392,-2.22389
E01005305,Manchester 036A,385656,392856,53.43229,-2.21737
E01005308,Manchester 040E,385491,392285,53.42715,-2.21982
E01005309,Manchester 036B,385509,393460,53.43771,-2.2196
E01005766,Stockport 014C,389500,389211,53.39962,-2.15939
E01005767,Stockport 028A,384684,387398,53.3832,-2.23172
E01005764,Stockport 016A,388843,389107,53.39867,-2.16926
E01005765,Stockport 018A,388201,389046,53.3981,-2.17892
E01005762,Stockport 026B,388497,388561,53.39375,-2.17445
E01005763,Stockport 026C,388806,388231,53.3908,-2.16978
E01005760,Stockport 023B,389434,388987,53.3976,-2.16036
E01005761,Stockport 026A,388167,388039,53.38905,-2.17939
E01005768,Stockport 025A,384918,388634,53.39432,-2.22826
E01005769,Stockport 022A,386178,388675,53.39472,-2.20932
E01005932,Stockport 042D,389594,384211,53.35423,-2.15937
E01005930,Stockport 032D,389004,385450,53.3658,-2.1667
E01005931,Stockport 041D,388565,384792,53.35988,-2.17329
E01005817,Stockport 016C,388619,389738,53.40433,-2.17265
E01005746,Stockport 005B,393415,391975,53.42453,-2.10056
E01005747,Stockport 005C,394138,392537,53.42959,-2.08969
E01005744,Stockport 009B,392997,392284,53.4273,-2.10685
E01005745,Stockport 005A,393701,392558,53.42977,-2.09627
E01005743,Stockport 009A,391995,391301,53.41845,-2.12192
E01005748,Stockport 005D,394169,392086,53.42553,-2.08922
E01006052,Tameside 027D,398970,395127,53.4529,-2.01698
E01006050,Tameside 027C,398327,394456,53.44687,-2.02665
E01006051,Tameside 023D,399034,393989,53.44267,-2.01601
E01005916,Stockport 007C,389026,391551,53.42064,-2.1666
E01005917,Stockport 007D,388980,391170,53.41722,-2.16727
E01005914,Stockport 007A,389839,392033,53.42499,-2.15438
E01005915,Stockport 007B,389611,391752,53.42246,-2.15779
E01005912,Stockport 029D,396020,387240,53.38199,-2.0613
E01005913,Stockport 038D,395103,385819,53.36922,-2.07506
E01005992,Tameside 025D,392042,395348,53.45483,-2.12131
E01005910,Stockport 029B,395904,388087,53.3896,-2.06305
E01005911,Stockport 029C,395307,387988,53.38871,-2.07202
E01005919,Stockport 002E,388771,393248,53.43589,-2.17049
E01005876,Stockport 019D,390869,389169,53.39927,-2.13879
E01005877,Stockport 019E,390553,389056,53.39824,-2.14354
E01005874,Stockport 019C,390209,389626,53.40336,-2.14872
E01005875,Stockport 015D,391216,389694,53.40399,-2.13358
E01005872,Stockport 019B,390394,390017,53.40688,-2.14596
E01005873,Stockport 015C,391488,389768,53.40466,-2.1295
E01005870,Stockport 015A,390650,390254,53.40901,-2.14211
E01005871,Stockport 015B,390831,389932,53.40612,-2.13939
E01005878,Stockport 020A,395174,388504,53.39334,-2.07404
E01005879,Stockport 020B,395486,388656,53.39472,-2.06934
E01005126,Manchester 045A,385758,391294,53.41825,-2.21575
E01005124,Manchester 041E,386282,391835,53.42313,-2.20789
E01005125,Manchester 040A,385837,391751,53.42237,-2.21458
E01005122,Manchester 041C,387011,392599,53.43001,-2.19696
E01005123,Manchester 041D,385872,392268,53.42701,-2.21409
E01005120,Manchester 034B,386863,393001,53.43363,-2.1992
E01005121,Manchester 041B,386273,392541,53.42947,-2.20806
E01005222,Manchester 031D,387872,393819,53.44101,-2.18405
E01005220,Manchester 031B,387747,394297,53.44529,-2.18595
E01005221,Manchester 031C,387494,394011,53.44272,-2.18974
E01006030,Tameside 028C,395806,394077,53.44344,-2.06461
E01006039,Tameside 028D,394629,394537,53.44757,-2.08234
E01005856,Stockport 011B,388038,390677,53.41277,-2.18143
E01005857,Stockport 013D,387223,390387,53.41014,-2.19368
E01005854,Stockport 013B,387468,390990,53.41557,-2.19001
E01005855,Stockport 013C,386867,390822,53.41404,-2.19905
E01005852,Stockport 013A,386079,390568,53.41174,-2.21089
E01005853,Stockport 011A,387697,390475,53.41094,-2.18655
E01005850,Stockport 040D,385143,385046,53.36207,-2.22471
E01005851,Stockport 036D,384461,386672,53.37667,-2.23504
E01005858,Stockport 013E,386166,391008,53.4157,-2.20961
E01005859,Stockport 008A,387875,391565,53.42075,-2.1839
E01005185,Manchester 032B,385679,394062,53.44313,-2.21707
E01005184,Manchester 032A,385075,394062,53.44311,-2.22616
E01005183,Manchester 030F,384135,394082,53.44327,-2.24031
E01005182,Manchester 030E,383947,394624,53.44813,-2.24317
E01005180,Manchester 030C,384638,394360,53.44578,-2.23276
E01005287,Manchester 026E,386382,395113,53.4526,-2.20652
E01005286,Manchester 026D,385684,395199,53.45335,-2.21704
E01005285,Manchester 025D,384927,395298,53.45422,-2.22845
E01005283,Manchester 032E,386084,393864,53.44136,-2.21096
E01005282,Manchester 032D,386747,394390,53.44611,-2.201
E01005200,Manchester 027C,388199,394305,53.44537,-2.17914
E01005281,Manchester 026B,385721,394510,53.44716,-2.21646
E01005280,Manchester 026A,386446,394658,53.44851,-2.20555
E01005288,Manchester 025E,385048,395011,53.45164,-2.22662
E01005787,Stockport 034B,386747,385898,53.36978,-2.20065
E01005786,Stockport 030E,387413,386939,53.37915,-2.19067
E01005785,Stockport 030D,387000,387003,53.37971,-2.19688
E01005784,Stockport 030C,386636,387465,53.38385,-2.20239
E01005783,Stockport 030B,387162,387594,53.38503,-2.19448
E01005782,Stockport 030A,387924,387518,53.38437,-2.18302
E01005781,Stockport 022E,387276,388084,53.38944,-2.19279
E01005780,Stockport 022D,387233,388535,53.39349,-2.19345
E01005789,Stockport 039A,387732,386079,53.37143,-2.18585
E01005788,Stockport 034C,387098,386341,53.37376,-2.19539
E01005978,Tameside 026D,393791,394569,53.44785,-2.09495
E01005800,Stockport 023D,389622,388050,53.38919,-2.1575
E01005749,Stockport 009C,393060,391697,53.42202,-2.1059
E01005918,Stockport 014D,389434,391042,53.41607,-2.16044
E01005835,Stockport 021C,393312,388475,53.39307,-2.10204
E01005926,Stockport 042C,389136,383035,53.34409,-2.16465
E01005927,Stockport 032A,389279,387004,53.37978,-2.16263
E01005924,Stockport 042A,388761,384286,53.35534,-2.17032
E01005925,Stockport 042B,389258,384256,53.35507,-2.16286
E01005922,Stockport 003F,389632,392506,53.42924,-2.15751
E01005923,Stockport 041C,388205,384370,53.35607,-2.17868
E01005920,Stockport 003D,388932,392898,53.43275,-2.16805
E01005921,Stockport 003E,389331,393206,53.43552,-2.16207
E01005928,Stockport 032B,389076,387213,53.38165,-2.16568
E01005929,Stockport 032C,388502,386399,53.37314,-2.17289
E01005816,Stockport 016B,388586,389569,53.40281,-2.17313
E01005897,Stockport 010A,395221,390728,53.41334,-2.07336
E01005896,Stockport 002D,389519,395033,53.45195,-2.1593
E01005814,Stockport 033C,391232,386467,53.37498,-2.13326
E01005895,Stockport 003C,389916,392528,53.42945,-2.15323
E01005815,Stockport 033D,391874,386299,53.37348,-2.1236
E01005894,Stockport 001E,389639,393867,53.44147,-2.15745
E01005812,Stockport 037E,389837,386514,53.37538,-2.15422
E01005893,Stockport 002C,389362,393717,53.44012,-2.1616
E01005813,Stockport 033B,390485,386449,53.37482,-2.14449
E01005892,Stockport 003B,389793,393205,53.43552,-2.1551
E01005810,Stockport 037C,389524,385196,53.36353,-2.15888
E01005891,Stockport 001D,390117,393968,53.44239,-2.15025
E01005811,Stockport 037D,390058,386952,53.37932,-2.15091
E01005890,Stockport 002B,388999,394161,53.4441,-2.16709
E01005818,Stockport 018B,387331,389230,53.39974,-2.19201
E01005899,Stockport 012B,393601,390571,53.41191,-2.09774
E01005819,Stockport 018C,386972,389272,53.40011,-2.19741
E01005898,Stockport 010B,395750,390863,53.41456,-2.0654
E01005176,Manchester 043E,384841,391127,53.41673,-2.22955
E01005177,Manchester 043F,384463,390920,53.41486,-2.23522
E01005174,Manchester 043C,385019,391467,53.41979,-2.22688
E01005175,Manchester 043D,385323,391226,53.41763,-2.2223
E01005172,Manchester 043A,384371,391546,53.42048,-2.23663
E01005173,Manchester 043B,384153,391249,53.4178,-2.2399
E01005170,Manchester 045D,384753,389617,53.40315,-2.23079
E01005171,Manchester 045E,385341,389844,53.40521,-2.22196
E01005178,Manchester 030A,384220,394522,53.44723,-2.23905
E01006022,Tameside 015A,396488,398171,53.48025,-2.05438
E01006023,Tameside 015B,395661,398116,53.47975,-2.06685
E01006020,Tameside 018E,395619,397057,53.47023,-2.06747
E01006021,Tameside 016D,395434,397696,53.47598,-2.07027
E01005346,Oldham 028D,389358,402929,53.52292,-2.16199
E01005347,Oldham 028E,389944,403092,53.5244,-2.15315
E01005345,Oldham 028C,389012,403213,53.52546,-2.16722
E01005343,Oldham 027B,390228,403563,53.52863,-2.14888
E01005341,Oldham 028B,389906,403617,53.52911,-2.15374
E01005440,Oldham 033D,393098,401964,53.51431,-2.10555
E01005946,Tameside 004D,394606,399933,53.49607,-2.08278
E01005947,Tameside 004E,394761,399697,53.49395,-2.08044
E01005944,Tameside 007D,395205,399747,53.49441,-2.07375
E01005945,Tameside 004C,395198,400236,53.4988,-2.07386
E01005942,Tameside 007B,394989,399165,53.48917,-2.07699
E01005943,Tameside 007C,394842,398819,53.48606,-2.0792
E01005940,Tameside 002C,393883,401087,53.50643,-2.09369
E01005941,Tameside 007A,394388,399421,53.49147,-2.08605
E01005948,Tameside 013A,393628,399138,53.48892,-2.09751
E01005949,Tameside 006D,393959,399762,53.49453,-2.09252
E01005193,Manchester 021E,389577,395535,53.45647,-2.15844
E01005192,Manchester 021D,389547,395727,53.45819,-2.15889
E01005191,Manchester 021C,388985,396335,53.46364,-2.16737
E01005190,Manchester 017E,388917,396689,53.46682,-2.16841
E01005324,Oldham 029C,393281,402717,53.52108,-2.1028
E01005325,Oldham 029D,393372,403152,53.52499,-2.10145
E01005322,Oldham 029A,392875,403361,53.52686,-2.10895
E01005323,Oldham 029B,392983,402557,53.51963,-2.1073
E01005320,Oldham 024A,392945,403715,53.53004,-2.1079
E01005956,Tameside 005B,392519,400222,53.49865,-2.11424
E01005957,Tameside 005C,393277,400029,53.49692,-2.10282
E01005954,Tameside 005A,393250,400662,53.50261,-2.10323
E01005955,Tameside 002D,393513,400832,53.50414,-2.09927
E01005952,Tameside 013D,393222,398563,53.48374,-2.10361
E01005953,Tameside 013E,392767,398195,53.48043,-2.11046
E01005950,Tameside 013B,393007,398906,53.48682,-2.10686
E01005951,Tameside 013C,392553,397938,53.47811,-2.11368
E01005958,Tameside 005D,392838,400264,53.49903,-2.10944
E01005959,Tameside 005E,392920,399771,53.49459,-2.10818
E01006047,Tameside 023A,400780,396400,53.46434,-1.98972
E01006048,Tameside 023B,399197,395826,53.45918,-2.01356
E01006049,Tameside 023C,400535,396029,53.46101,-1.99341
E01006006,Tameside 012D,389336,399232,53.48969,-2.16219
E01006007,Tameside 011F,389946,399055,53.48811,-2.153
E01006004,Tameside 011D,390206,398650,53.48448,-2.14906
E01006005,Tameside 011E,389934,399350,53.49076,-2.15318
E01006002,Tameside 011C,389919,398352,53.48179,-2.15337
E01006003,Tameside 012C,389149,398452,53.48267,-2.16498
E01006000,Tameside 010E,390456,397823,53.47704,-2.14527
E01006001,Tameside 012B,389088,398787,53.48569,-2.16591
E01006008,Tameside 017A,394213,396848,53.46834,-2.08864
E01006009,Tameside 016A,394903,397907,53.47786,-2.07827
E01032557,Oldham 026F,395184,403608,53.5291,-2.07413
E01005974,Tameside 021C,392899,395588,53.457,-2.1084
E01005972,Tameside 021B,392550,396022,53.46089,-2.11367
E01005973,Tameside 026A,393344,395621,53.4573,-2.10171
E01005970,Tameside 021A,392973,396161,53.46214,-2.1073
E01005971,Tameside 025A,391845,395812,53.45899,-2.12429
E01005366,Oldham 033B,390159,401064,53.50617,-2.14985
E01005367,Oldham 033C,390196,400595,53.50196,-2.14927
E01005364,Oldham 031B,390419,401589,53.51089,-2.14594
E01005362,Oldham 031A,390612,401841,53.51316,-2.14304
E01005363,Oldham 032A,389927,401529,53.51035,-2.15335
E01005368,Oldham 031C,390082,402045,53.51499,-2.15103
E01005369,Oldham 032B,389085,401432,53.50945,-2.16606
E01005254,Manchester 005F,389531,402433,53.51847,-2.15936
E01005253,Manchester 005E,388967,402512,53.51916,-2.16787
E01005462,Oldham 035E,391503,403657,53.5295,-2.12965
E01005247,Manchester 005A,389265,402079,53.51527,-2.16336
E01005386,Oldham 026D,394426,403313,53.52645,-2.08555
E01005383,Oldham 026A,394299,403693,53.52987,-2.08747
E01005382,Oldham 030D,391597,402777,53.52159,-2.1282
E01005381,Oldham 027D,391367,403249,53.52583,-2.13169
E01005380,Oldham 030C,391338,401658,53.51153,-2.13209
E01005260,Manchester 011E,388934,399827,53.49503,-2.16828
E01006072,Tameside 015E,398177,397060,53.47027,-2.02893
E01006073,Tameside 009D,397956,399520,53.49238,-2.03227
E01006070,Tameside 015C,397107,398286,53.48129,-2.04506
E01006071,Tameside 015D,397619,397430,53.4736,-2.03734
E01005936,Tameside 004A,395499,400606,53.50213,-2.06933
E01005937,Tameside 004B,395948,400666,53.50267,-2.06255
E01005934,Tameside 006B,393946,400482,53.501,-2.09273
E01005935,Tameside 006C,394649,400346,53.49979,-2.08214
E01005933,Tameside 006A,394384,400638,53.5024,-2.08614
E01005938,Tameside 002A,394910,400889,53.50467,-2.0782
E01005939,Tameside 002B,394539,401327,53.5086,-2.08381
E01005436,Oldham 035B,392004,403394,53.52715,-2.12209
E01005437,Oldham 024C,392316,403600,53.529,-2.11739
E01005435,Oldham 035A,392167,403778,53.5306,-2.11965
E01005438,Oldham 029E,392514,403166,53.5251,-2.11438
E01005439,Oldham 030E,392077,402861,53.52236,-2.12097
E01006056,Tameside 003A,398050,402270,53.5171,-2.03088
E01006057,Tameside 001D,398048,401833,53.51318,-2.0309
E01006054,Tameside 001B,396842,402532,53.51945,-2.04909
E01006055,Tameside 001C,397314,402708,53.52103,-2.04199
E01006053,Tameside 001A,398094,403311,53.52646,-2.03022
E01006058,Tameside 001E,397252,402242,53.51684,-2.04291
E01006059,Tameside 001F,397650,401755,53.51247,-2.03691
E01005997,Tameside 010D,390636,398522,53.48333,-2.14258
E01005996,Tameside 010C,391086,398839,53.48619,-2.1358
E01005995,Tameside 010B,391548,399146,53.48895,-2.12885
E01005994,Tameside 011A,390453,399046,53.48804,-2.14535
E01005993,Tameside 010A,391299,399089,53.48844,-2.13261
E01005991,Tameside 024E,389979,395473,53.45592,-2.15238
E01005990,Tameside 024D,390546,395411,53.45536,-2.14384
E01005999,Tameside 011B,390004,397823,53.47703,-2.15208
E01005998,Tameside 012A,389391,398048,53.47905,-2.16131
E01005376,Oldham 031D,390859,402714,53.52102,-2.13934
E01005377,Oldham 030A,391835,402260,53.51695,-2.1246
E01005374,Oldham 034C,389154,400506,53.50113,-2.16498
E01005375,Oldham 034D,389628,400121,53.49768,-2.15782
E01005372,Oldham 034A,389617,400987,53.50547,-2.15802
E01005373,Oldham 034B,389646,400559,53.50162,-2.15756
E01005370,Oldham 032C,388932,400803,53.5038,-2.16833
E01005371,Oldham 032D,389382,401506,53.51013,-2.16158
E01005378,Oldham 031E,391087,402544,53.51949,-2.13589
E01005379,Oldham 030B,391502,402441,53.51857,-2.12964
E01006037,Tameside 022C,396579,396268,53.46314,-2.053
E01006034,Tameside 020D,395902,396471,53.46497,-2.06319
E01006035,Tameside 020E,395309,395599,53.45712,-2.07211
E01006032,Tameside 020B,395414,396327,53.46367,-2.07054
E01006033,Tameside 020C,394956,396246,53.46293,-2.07744
E01006031,Tameside 020A,394311,396122,53.46181,-2.08715
E01006038,Tameside 022D,395938,395920,53.46001,-2.06265
E01005966,Tameside 019D,392125,396380,53.4641,-2.12009
E01005967,Tameside 019E,392436,396793,53.46782,-2.11541
E01005964,Tameside 019B,391851,397204,53.4715,-2.12423
E01005965,Tameside 019C,392678,396842,53.46827,-2.11177
E01005962,Tameside 014B,391326,397799,53.47685,-2.13215
E01005963,Tameside 019A,392131,397299,53.47236,-2.12001
E01005960,Tameside 006E,393500,399734,53.49427,-2.09944
E01005961,Tameside 014A,390856,397414,53.47338,-2.13922
E01005968,Tameside 014C,391338,398335,53.48167,-2.132
E01005969,Tameside 014D,391012,398031,53.47892,-2.13689
E01005187,Manchester 021A,389508,396828,53.46809,-2.15951
E01005108,Manchester 017A,388875,397558,53.47463,-2.16908
E01005188,Manchester 021B,389515,396649,53.46647,-2.15941
E01033666,Manchester 017F,389483,397237,53.47176,-2.15991
E01006016,Tameside 017E,393917,398166,53.48018,-2.09313
E01006017,Tameside 016B,396445,397293,53.47235,-2.05503
E01006014,Tameside 018C,394225,397196,53.47147,-2.08847
E01006015,Tameside 017D,394640,396731,53.46729,-2.08221
E01006012,Tameside 017C,394279,397751,53.47645,-2.08767
E01006013,Tameside 018B,395119,397262,53.47207,-2.07501
E01006010,Tameside 017B,393778,397847,53.47731,-2.09521
E01006011,Tameside 018A,394622,397463,53.47387,-2.08249
E01006018,Tameside 016C,395934,397743,53.4764,-2.06274
E01006019,Tameside 018D,395702,397307,53.47248,-2.06622
E01005365,Oldham 033A,390904,401098,53.50649,-2.13862
E01005344,Oldham 027C,390455,403483,53.52792,-2.14546
E01005342,Oldham 027A,390915,403438,53.52752,-2.13852
E01006036,Tameside 020F,394655,395916,53.45997,-2.08196
E01006066,Tameside 008D,395908,398943,53.48719,-2.06313
E01006067,Tameside 009A,397553,399253,53.48998,-2.03835
E01006064,Tameside 008B,395964,399538,53.49254,-2.0623
E01006065,Tameside 008C,396310,399455,53.49179,-2.05708
E01006062,Tameside 003C,398607,400939,53.50514,-2.02247
E01006063,Tameside 003D,396424,399882,53.49562,-2.05537
E01006060,Tameside 008A,396289,398883,53.48665,-2.0574
E01006061,Tameside 003B,398123,400439,53.50065,-2.02976
E01006068,Tameside 009B,396850,398570,53.48384,-2.04894
E01006069,Tameside 009C,397475,398697,53.48499,-2.03951
E01033686,Manchester 028F,382883,395026,53.45171,-2.25922
E01033682,Manchester 060C,383054,397464,53.47363,-2.25677
E01033681,Manchester 060B,383177,398034,53.47876,-2.25495
E01033680,Manchester 028E,383199,395092,53.45232,-2.25446
E01005604,Salford 027B,376210,397645,53.47499,-2.35989
E01005605,Salford 027C,375544,397733,53.47575,-2.36993
E01005602,Salford 026D,376592,397937,53.47763,-2.35416
E01005603,Salford 027A,376168,398080,53.4789,-2.36056
E01005600,Salford 026B,377100,398128,53.47938,-2.34652
E01005601,Salford 026C,376767,398196,53.47997,-2.35154
E01006176,Trafford 018D,380783,391321,53.41834,-2.29062
E01006177,Trafford 018E,380135,390648,53.41226,-2.30031
E01006174,Trafford 014D,379726,391646,53.42122,-2.30653
E01006175,Trafford 018C,380497,390993,53.41538,-2.2949
E01006172,Trafford 016E,377001,392055,53.42479,-2.34757
E01006173,Trafford 018B,380168,391301,53.41813,-2.29987
E01006170,Trafford 013C,377429,392691,53.43052,-2.34116
E01006171,Trafford 013D,376518,392418,53.42802,-2.35487
E01006178,Trafford 014E,380210,391769,53.42234,-2.29926
E01006179,Trafford 008C,379154,394125,53.44348,-2.3153
E01005732,Salford 025D,374870,397752,53.47589,-2.38009
E01005731,Salford 025C,375038,398228,53.48018,-2.3776
E01006156,Trafford 008A,377772,395012,53.4514,-2.33618
E01006157,Trafford 006B,378762,395295,53.45398,-2.32128
E01006155,Trafford 006A,378121,394790,53.44942,-2.3309
E01006152,Trafford 016C,376893,391360,53.41853,-2.34914
E01006153,Trafford 016D,376725,390726,53.41283,-2.35163
E01006150,Trafford 012C,378019,391895,53.42339,-2.33224
E01006151,Trafford 016B,377526,391083,53.41607,-2.33959
E01005116,Manchester 047E,380231,389893,53.40548,-2.29882
E01005117,Manchester 048E,380884,389264,53.39985,-2.28897
E01005114,Manchester 047D,379359,389948,53.40594,-2.31195
E01005115,Manchester 044A,380880,390222,53.40846,-2.28908
E01005112,Manchester 048D,381546,389212,53.39941,-2.27901
E01005113,Manchester 047C,379912,389464,53.40161,-2.30359
E01005111,Manchester 047B,379796,390060,53.40696,-2.30538
E01005077,Manchester 042A,382625,391671,53.42154,-2.26292
E01005074,Manchester 051C,381413,387818,53.38688,-2.28093
E01005075,Manchester 051D,381014,387457,53.38361,-2.2869
E01005072,Manchester 048B,381500,388627,53.39415,-2.27967
E01005073,Manchester 048C,381807,388610,53.39401,-2.27504
E01005070,Manchester 051B,381077,388119,53.38956,-2.28599
E01005071,Manchester 048A,380983,388828,53.39593,-2.28745
E01005079,Manchester 042C,383023,391754,53.4223,-2.25693
E01005297,Manchester 028A,382805,394613,53.448,-2.26036
E01005296,Manchester 029E,381911,394623,53.44806,-2.27383
E01005214,Manchester 019D,383148,396567,53.46557,-2.25531
E01005295,Manchester 049E,383280,388444,53.39256,-2.25289
E01005293,Manchester 052C,383191,386787,53.37766,-2.25413
E01005213,Manchester 059A,382970,396834,53.46796,-2.258
E01005291,Manchester 050E,383103,387202,53.38139,-2.25549
E01005299,Manchester 029F,382297,394435,53.44638,-2.268
E01005298,Manchester 028B,382269,394727,53.449,-2.26845
E01033672,Manchester 059C,382794,397081,53.47018,-2.26066
E01033673,Manchester 059D,382731,397373,53.4728,-2.26164
E01006136,Trafford 028C,379437,385486,53.36584,-2.31048
E01006137,Trafford 028D,379518,384984,53.36133,-2.30922
E01006134,Trafford 028A,378066,386011,53.3705,-2.33112
E01006135,Trafford 028B,378925,386402,53.37405,-2.31824
E01006132,Trafford 007E,374276,394079,53.44285,-2.38875
E01006133,Trafford 010C,375603,393782,53.44025,-2.36875
E01006130,Trafford 007D,374362,394930,53.4505,-2.38752
E01006131,Trafford 005E,374422,394476,53.44642,-2.38658
E01006138,Trafford 028E,379166,387091,53.38025,-2.31465
E01006139,Trafford 026D,377756,387252,53.38164,-2.33586
E01005316,Manchester 053D,381820,386558,53.37556,-2.27473
E01005317,Manchester 052E,383214,385763,53.36846,-2.25374
E01005314,Manchester 053B,382560,386328,53.37352,-2.26359
E01005315,Manchester 053C,382194,386173,53.37211,-2.26909
E01005313,Manchester 053A,382451,386718,53.37702,-2.26526
E01005318,Manchester 053E,382839,385823,53.36899,-2.25937
E01005319,Manchester 051E,381680,386851,53.37819,-2.27685
E01005620,Salford 030E,371983,393982,53.44186,-2.42325
E01005621,Salford 030F,371253,392995,53.43295,-2.43415
E01005156,Manchester 033B,382173,393546,53.43838,-2.26981
E01005157,Manchester 037D,381557,393150,53.4348,-2.27908
E01005154,Manchester 033A,381868,393762,53.44031,-2.27442
E01005155,Manchester 037C,381070,393659,53.43936,-2.28643
E01006158,Trafford 008B,377950,395466,53.45548,-2.33353
E01006159,Trafford 006C,378440,395242,53.45349,-2.32613
E01006087,Trafford 025E,374044,387556,53.38421,-2.39169
E01006086,Trafford 027E,376229,386108,53.37129,-2.35874
E01006085,Trafford 027D,376080,386540,53.37517,-2.361
E01006084,Trafford 026B,377432,386217,53.37233,-2.34066
E01006083,Trafford 026A,377606,386783,53.37742,-2.33809
E01006082,Trafford 027C,376470,386946,53.37883,-2.35518
E01006081,Trafford 027B,375591,386345,53.3734,-2.36833
E01006080,Trafford 024B,376970,388586,53.3936,-2.34779
E01006089,Trafford 024C,376564,389558,53.40232,-2.35395
E01006088,Trafford 026C,377264,387168,53.38087,-2.34325
E01005152,Manchester 029C,381271,394310,53.44522,-2.28345
E01005153,Manchester 037B,381482,393570,53.43858,-2.28022
E01005150,Manchester 029A,381554,394012,53.44255,-2.27916
E01005151,Manchester 029B,380929,394128,53.44358,-2.28859
E01005158,Manchester 033C,381851,393123,53.43457,-2.27465
E01005159,Manchester 029D,381537,394578,53.44764,-2.27945
E01005087,Manchester 050A,382404,388229,53.39061,-2.26604
E01005086,Manchester 049B,382843,388423,53.39236,-2.25946
E01005085,Manchester 049A,382562,388789,53.39564,-2.2637
E01005084,Manchester 042D,382525,392293,53.42713,-2.26446
E01005082,Manchester 037A,382123,392643,53.43026,-2.27052
E01005081,Manchester 039C,382841,393077,53.43419,-2.25974
E01005089,Manchester 049C,382776,387843,53.38714,-2.26043
E01005088,Manchester 050B,382136,387861,53.38728,-2.27005
E01005243,Manchester 024B,383224,395674,53.45755,-2.25411
E01005302,Manchester 028C,382640,395314,53.45429,-2.26289
E01005300,Manchester 033D,382728,393844,53.44108,-2.26149
E01005301,Manchester 033E,382288,393985,53.44233,-2.26812
E01005266,Manchester 044E,381182,390743,53.41316,-2.28458
E01005267,Manchester 046B,382722,390399,53.41011,-2.26139
E01005264,Manchester 044C,381880,390598,53.41187,-2.27406
E01005265,Manchester 044D,381547,390347,53.40961,-2.27906
E01005262,Manchester 044B,380562,390488,53.41084,-2.29389
E01005268,Manchester 046C,383033,390056,53.40705,-2.25669
E01005269,Manchester 046D,382594,389616,53.40307,-2.26327
E01032917,Salford 028J,382330,397579,53.47464,-2.26768
E01032915,Salford 028I,382022,397539,53.47528,-2.27216
E01032912,Salford 028G,381396,397652,53.47527,-2.28176
E01006197,Trafford 010D,375871,394821,53.44959,-2.36478
E01006117,Trafford 002B,376972,395493,53.45568,-2.34826
E01006196,Trafford 021D,378413,389905,53.40552,-2.32618
E01006114,Trafford 004B,381760,395287,53.45402,-2.27614
E01006195,Trafford 021C,377994,389965,53.40603,-2.33248
E01006115,Trafford 004C,382228,395282,53.45399,-2.2691
E01006194,Trafford 024E,377259,387654,53.38523,-2.34336
E01006112,Trafford 001D,382714,395908,53.45963,-2.26181
E01006193,Trafford 024D,377440,388546,53.39327,-2.34071
E01006113,Trafford 004A,382088,395546,53.45636,-2.27122
E01006192,Trafford 023C,378367,388773,53.39534,-2.32679
E01006110,Trafford 001B,382439,395746,53.45817,-2.26593
E01006191,Trafford 023B,377902,388840,53.39592,-2.33378
E01006111,Trafford 001C,382499,396100,53.46135,-2.26505
E01006190,Trafford 021B,378252,389475,53.40165,-2.32856
E01006118,Trafford 002C,376555,395664,53.4572,-2.35455
E01006199,Trafford 009B,377289,394818,53.44962,-2.34343
E01006119,Trafford 002D,377348,395367,53.45457,-2.34259
E01006198,Trafford 009A,376809,394898,53.45032,-2.35067
E01006076,Trafford 025C,376219,387658,53.38523,-2.359
E01006077,Trafford 027A,376803,387196,53.3811,-2.35019
E01006074,Trafford 025A,375264,388320,53.39113,-2.37341
E01006075,Trafford 025B,376523,388164,53.38979,-2.35446
E01006078,Trafford 024A,376805,388963,53.39698,-2.35029
E01006079,Trafford 025D,375801,388528,53.39302,-2.36536
E01006210,Trafford 021E,378722,390238,53.40853,-2.32155
E01006211,Trafford 022E,378869,389471,53.40164,-2.31928
E01005644,Salford 029F,372525,394514,53.44667,-2.41514
E01005642,Salford 029D,372768,394974,53.45082,-2.41152
E01005643,Salford 029E,372218,395026,53.45126,-2.41981
E01005640,Salford 029B,373107,395545,53.45597,-2.40646
E01005641,Salford 029C,372696,395318,53.4539,-2.41264
E01006106,Trafford 017C,371066,391289,53.41761,-2.43681
E01006187,Trafford 003C,380118,395470,53.45561,-2.30088
E01006107,Trafford 017D,372176,391498,53.41954,-2.42012
E01006186,Trafford 003B,380637,395979,53.46019,-2.29309
E01006104,Trafford 017A,371640,391514,53.41965,-2.42819
E01006185,Trafford 001E,382346,396454,53.46452,-2.26738
E01006105,Trafford 017B,371428,390858,53.41375,-2.43133
E01006102,Trafford 018A,379535,390567,53.41151,-2.30934
E01006183,Trafford 006E,378987,394536,53.44716,-2.31785
E01006103,Trafford 020E,377555,390337,53.40936,-2.3391
E01006182,Trafford 006D,378541,394810,53.44961,-2.32458
E01006100,Trafford 020D,377802,390869,53.41416,-2.33543
E01006181,Trafford 011E,379308,394962,53.451,-2.31305
E01006101,Trafford 021A,378211,390624,53.41197,-2.32925
E01006180,Trafford 011D,379639,394630,53.44804,-2.30804
E01006108,Trafford 017E,371055,390944,53.4145,-2.43693
E01006189,Trafford 003D,379602,395228,53.45341,-2.30863
E01006109,Trafford 001A,383021,396097,53.46134,-2.2572
E01006188,Trafford 001F,382087,395933,53.45984,-2.27125
E01005639,Salford 029A,372308,395494,53.45547,-2.41849
E01006166,Trafford 013A,376418,391885,53.42323,-2.35633
E01006167,Trafford 019D,376487,391153,53.41665,-2.35523
E01006164,Trafford 014C,380033,392333,53.4274,-2.30195
E01006165,Trafford 012E,379035,392579,53.42957,-2.31699
E01006162,Trafford 015D,378986,391485,53.41974,-2.31765
E01006163,Trafford 015E,378479,391547,53.42028,-2.32529
E01006160,Trafford 015B,378778,391972,53.42411,-2.32081
E01006161,Trafford 015C,379297,392130,53.42555,-2.31302
E01006168,Trafford 019E,376118,390988,53.41515,-2.36077
E01006169,Trafford 013B,377016,392641,53.43005,-2.34739
E01005091,Manchester 050D,382657,387465,53.38374,-2.2622
E01005090,Manchester 050C,382058,387443,53.38353,-2.2712
E01005616,Salford 030A,370318,392365,53.42723,-2.44816
E01005617,Salford 030B,370821,392632,53.42966,-2.44061
E01005619,Salford 030D,370558,391726,53.4215,-2.4445
E01006146,Trafford 004E,381374,395024,53.45164,-2.28194
E01006147,Trafford 012A,377954,392468,53.42854,-2.33326
E01006144,Trafford 011C,379666,394112,53.44338,-2.3076
E01006145,Trafford 004D,381204,395369,53.45474,-2.28452
E01006143,Trafford 011B,380247,394425,53.44622,-2.29887
E01006140,Trafford 026E,378389,387076,53.38009,-2.32634
E01006141,Trafford 003A,380620,395165,53.45288,-2.29329
E01006148,Trafford 016A,377614,391936,53.42374,-2.33834
E01006149,Trafford 012B,378422,392507,53.42891,-2.32622
E01005068,Manchester 051A,381128,387005,53.37956,-2.28517
E01005069,Manchester 047A,379939,388926,53.39678,-2.30315
E01005289,Manchester 049D,383272,387775,53.38655,-2.25297
E01033660,Manchester 059B,382599,397311,53.47224,-2.26362
E01005667,Salford 028B,381701,397540,53.47427,-2.27716
E01006126,Trafford 007B,373768,395114,53.45212,-2.39647
E01006127,Trafford 007C,373347,394457,53.4462,-2.40276
E01006124,Trafford 005C,374385,395394,53.45467,-2.3872
E01006125,Trafford 007A,373981,395619,53.45668,-2.3933
E01006122,Trafford 005A,375006,395989,53.46005,-2.3779
E01006123,Trafford 005B,375604,395619,53.45676,-2.36886
E01006120,Trafford 010A,376205,395289,53.45382,-2.35979
E01006121,Trafford 002E,376809,396144,53.46153,-2.35076
E01006128,Trafford 005D,375029,394925,53.45048,-2.37746
E01006129,Trafford 010B,375525,394297,53.44487,-2.36996
E01006097,Trafford 015A,378697,390947,53.41489,-2.32197
E01006096,Trafford 020C,377225,389949,53.40586,-2.34405
E01006095,Trafford 019C,376273,390378,53.40968,-2.3584
E01006094,Trafford 020B,376993,390424,53.41012,-2.34757
E01006093,Trafford 023A,377699,389194,53.3991,-2.33686
E01006092,Trafford 019B,376050,389487,53.40166,-2.36168
E01006091,Trafford 019A,375976,389845,53.40487,-2.36282
E01006090,Trafford 020A,377350,389507,53.4019,-2.34213
E01006099,Trafford 014B,379642,391162,53.41687,-2.30777
E01006098,Trafford 014A,379287,390916,53.41464,-2.3131
E01006154,Trafford 012D,378379,392823,53.43175,-2.32688
E01032914,Salford 028H,380900,397997,53.47835,-2.28926
E01006116,Trafford 002A,376118,395883,53.45915,-2.36115
E01005618,Salford 030C,370776,392250,53.42623,-2.44127
E01006142,Trafford 011A,380392,394736,53.44901,-2.29671
E01005645,Salford 029G,372175,394484,53.44638,-2.4204
E01006184,Trafford 008D,378253,394385,53.44578,-2.32888
E01006206,Trafford 022B,379551,388778,53.39543,-2.30898
E01006207,Trafford 022C,379760,388421,53.39223,-2.30582
E01006204,Trafford 022A,379140,388988,53.3973,-2.31517
E01006205,Trafford 023D,378659,388595,53.39375,-2.32239
E01006202,Trafford 009E,376575,394386,53.44572,-2.35415
E01006203,Trafford 010E,375926,394277,53.4447,-2.36391
E01006200,Trafford 009C,377038,394413,53.44598,-2.34719
E01006201,Trafford 009D,376249,394681,53.44835,-2.35908
E01006208,Trafford 022D,379591,388221,53.39043,-2.30834
E01006209,Trafford 023E,378592,388115,53.38944,-2.32335
E01032686,Salford 028F,381376,396908,53.46857,-2.28202
E01032685,Salford 028E,380652,397327,53.47231,-2.29294
E01005179,Manchester 030B,383291,394474,53.44676,-2.25304
E01033687,Manchester 003G,387440,403425,53.52733,-2.19094
E01033685,Manchester 003F,387978,403200,53.52532,-2.18281
E01033684,Manchester 013F,385580,398128,53.47968,-2.21874
E01033683,Manchester 060D,383479,397461,53.47362,-2.25037
E01033688,Manchester 013G,386075,398138,53.47978,-2.21129
E01005683,Salford 017C,381304,400144,53.49766,-2.2833
E01005682,Salford 024D,381434,398918,53.48665,-2.28127
E01005681,Salford 024C,381335,399252,53.48964,-2.28277
E01005680,Salford 017B,380766,399503,53.49188,-2.29137
E01005609,Salford 016A,382808,400079,53.49712,-2.26062
E01005136,Manchester 002C,385961,403514,53.5281,-2.21326
E01005135,Manchester 002B,386369,403775,53.53045,-2.2071
E01005132,Manchester 013C,385992,399019,53.48769,-2.21259
E01005133,Manchester 013D,385494,398762,53.48537,-2.22008
E01005130,Manchester 054A,385323,399456,53.49161,-2.22268
E01005138,Manchester 002D,386443,403344,53.52658,-2.20596
E01005139,Manchester 003B,386903,403611,53.529,-2.19905
E01005236,Manchester 022D,386233,395464,53.45574,-2.20878
E01005235,Manchester 020D,387373,395692,53.45782,-2.19164
E01005232,Manchester 020C,387097,395939,53.46004,-2.1958
E01005233,Manchester 027D,387324,395409,53.45528,-2.19235
E01005230,Manchester 022B,386236,395731,53.45815,-2.20875
E01005231,Manchester 022C,385828,395729,53.45812,-2.21491
E01005239,Manchester 020E,386384,396303,53.46329,-2.20655
E01005197,Manchester 023C,388739,395800,53.45882,-2.17106
E01005195,Manchester 023A,388310,395450,53.45567,-2.17751
E01005198,Manchester 023D,387851,395457,53.45573,-2.18442
E01005327,Oldham 017A,390251,405319,53.54441,-2.14859
E01005329,Oldham 015A,389034,405349,53.54466,-2.16695
E01005294,Manchester 052D,383653,386522,53.3753,-2.24718
E01005212,Manchester 057A,384032,396958,53.46911,-2.24201
E01005292,Manchester 052B,383642,387092,53.38042,-2.24737
E01005210,Manchester 019C,384165,396817,53.46785,-2.24
E01005290,Manchester 052A,383533,387592,53.38491,-2.24903
E01033676,Manchester 056D,384883,400571,53.50161,-2.22937
E01033677,Manchester 060A,383808,397612,53.47499,-2.24543
E01033674,Manchester 058C,383796,399528,53.49221,-2.2457
E01033675,Manchester 058D,383518,400499,53.50093,-2.24995
E01033670,Manchester 039E,383651,392521,53.42922,-2.24752
E01033678,Manchester 009F,386028,400416,53.50025,-2.21211
E01033679,Manchester 009G,385711,400199,53.49829,-2.21687
E01005675,Salford 008B,379908,401704,53.51163,-2.30444
E01005673,Salford 008A,379355,401477,53.50956,-2.31276
E01005626,Salford 018C,379032,400251,53.49854,-2.31755
E01005624,Salford 017A,380046,400525,53.50104,-2.30229
E01005622,Salford 018A,379507,400356,53.4995,-2.3104
E01005623,Salford 018B,379742,399999,53.4963,-2.30683
E01005628,Salford 018D,380152,399856,53.49503,-2.30064
E01005629,Salford 021A,379369,399839,53.49485,-2.31244
E01005166,Manchester 008E,384338,402092,53.51527,-2.23766
E01005167,Manchester 008F,384673,401897,53.51352,-2.2326
E01005164,Manchester 006A,384672,402466,53.51864,-2.23265
E01005165,Manchester 008D,383837,402283,53.51697,-2.24523
E01005162,Manchester 004D,383399,402689,53.5206,-2.25186
E01005163,Manchester 004E,384057,402611,53.51993,-2.24192
E01005160,Manchester 004B,383773,403143,53.52469,-2.24624
E01005044,Bury 026E,382345,402506,53.51893,-2.26774
E01005045,Bury 023E,381897,403641,53.52911,-2.27456
E01005042,Bury 026C,382241,402946,53.52287,-2.26933
E01005043,Bury 026D,382660,402717,53.52083,-2.263
E01005040,Bury 026A,383351,403329,53.52635,-2.25262
E01005041,Bury 026B,383048,402967,53.5231,-2.25717
E01033330,Salford 022K,383135,399239,53.48959,-2.25565
E01005332,Oldham 028A,390286,404104,53.5335,-2.14803
E01005256,Manchester 011A,387799,400578,53.50176,-2.1854
E01005255,Manchester 012D,388279,399751,53.49433,-2.17814
E01005252,Manchester 003E,388118,402826,53.52197,-2.18069
E01005250,Manchester 005D,388502,402521,53.51923,-2.17489
E01005251,Manchester 003D,388620,403007,53.5236,-2.17312
E01005258,Manchester 011C,388590,400415,53.5003,-2.17348
E01005259,Manchester 011D,388366,400192,53.49829,-2.17685
E01004974,Bury 024A,381697,404290,53.53494,-2.27762
E01004975,Bury 023C,382133,403969,53.53207,-2.27102
E01004972,Bury 023A,381837,404732,53.53892,-2.27553
E01004973,Bury 023B,382143,404382,53.53578,-2.2709
E01004970,Bury 022B,382127,405138,53.54257,-2.27117
E01004971,Bury 022C,381636,405034,53.54162,-2.27858
E01005161,Manchester 004C,384377,402781,53.52146,-2.2371
E01005246,Manchester 024D,384057,395415,53.45525,-2.24155
E01005244,Manchester 025C,384648,395560,53.45657,-2.23267
E01005245,Manchester 024C,383734,395591,53.45682,-2.24644
E01005248,Manchester 005B,388516,401816,53.5129,-2.17465
E01005249,Manchester 005C,388124,401740,53.51221,-2.18055
E01005263,Manchester 046A,383356,389672,53.4036,-2.2518
E01005261,Manchester 012E,387981,399984,53.49642,-2.18265
E01005550,Rochdale 025G,387338,404835,53.54001,-2.19253
E01032911,Salford 022J,383418,398980,53.48727,-2.25137
E01032919,Salford 017F,381915,400060,53.49693,-2.27408
E01033656,Manchester 057B,383941,397221,53.47148,-2.2434
E01033657,Manchester 022G,385671,395980,53.46037,-2.21727
E01033654,Manchester 055C,384738,397722,53.47601,-2.23142
E01033655,Manchester 056B,384170,399377,53.49086,-2.24006
E01033652,Manchester 022F,385535,396111,53.46154,-2.21933
E01033653,Manchester 055B,384366,397912,53.4777,-2.23702
E01033651,Manchester 054B,384600,398986,53.48736,-2.23355
E01033658,Manchester 054C,384122,398641,53.48425,-2.24075
E01033659,Manchester 055D,384771,398504,53.48303,-2.23096
E01005656,Salford 023B,380253,398747,53.48507,-2.29906
E01005657,Salford 023C,380491,399053,53.48782,-2.29549
E01005654,Salford 023A,380610,398728,53.48491,-2.29368
E01005655,Salford 024A,380947,398852,53.48603,-2.28861
E01005652,Salford 011C,381220,401534,53.51015,-2.28464
E01005653,Salford 011D,381561,400945,53.50487,-2.27947
E01005650,Salford 010C,382771,401351,53.50856,-2.26125
E01005651,Salford 010D,383439,401662,53.51137,-2.25119
E01005658,Salford 024B,381144,398434,53.48228,-2.28561
E01005146,Manchester 008B,384826,401095,53.50632,-2.23026
E01005147,Manchester 058B,384034,400593,53.50178,-2.24217
E01005145,Manchester 008A,384266,401217,53.5074,-2.2387
E01005142,Manchester 058A,383840,401305,53.50818,-2.24513
E01005143,Manchester 056A,384364,400757,53.50327,-2.2372
E01005140,Manchester 002E,385548,402772,53.52142,-2.21944
E01005141,Manchester 003C,387221,402932,53.5229,-2.19422
E01005149,Manchester 008C,384239,401533,53.51024,-2.23913
E01005036,Bury 024C,381350,403859,53.53105,-2.28282
E01005037,Bury 024D,380906,403220,53.52529,-2.28949
E01005034,Bury 022D,381199,404514,53.53693,-2.28514
E01005035,Bury 025C,380841,403818,53.53066,-2.2905
E01005032,Bury 025B,381061,402224,53.51635,-2.28708
E01005033,Bury 024B,381765,402701,53.52066,-2.27649
E01005031,Bury 025A,380750,402820,53.52169,-2.29182
E01005038,Bury 025D,381155,402811,53.52163,-2.2857
E01005039,Bury 023D,382177,403502,53.52787,-2.27033
E01005535,Rochdale 023B,388379,405124,53.54263,-2.17683
E01005532,Rochdale 025C,387933,404689,53.53871,-2.18355
E01005530,Rochdale 025A,387513,405120,53.54257,-2.1899
E01005531,Rochdale 025B,388017,404318,53.53538,-2.18227
E01005722,Salford 021E,379343,399001,53.48731,-2.31278
E01005723,Salford 021F,380076,398500,53.48284,-2.3017
E01005720,Salford 021D,379665,398694,53.48456,-2.30791
E01005721,Salford 023D,380234,399293,53.48998,-2.29938
E01004985,Bury 019B,379415,405113,53.54225,-2.31209
E01004984,Bury 019A,379788,405239,53.5434,-2.30649
E01004983,Bury 020A,380822,404955,53.54088,-2.29086
E01005646,Salford 010A,383377,401969,53.51413,-2.25215
E01005647,Salford 011A,382354,402144,53.51567,-2.26759
E01005648,Salford 011B,381677,401784,53.51241,-2.27778
E01005649,Salford 010B,382798,401994,53.51434,-2.26088
E01005630,Salford 021B,378999,399623,53.49289,-2.31801
E01005128,Manchester 055A,384412,397533,53.47429,-2.23632
E01005129,Manchester 013B,385725,399396,53.49107,-2.21662
E01005097,Manchester 012C,388282,399030,53.48785,-2.17807
E01005094,Manchester 012B,388662,398459,53.48273,-2.17232
E01005093,Manchester 012A,388446,398762,53.48544,-2.17559
E01005092,Manchester 015A,387961,398749,53.48532,-2.1829
E01005099,Manchester 001B,385920,404339,53.53551,-2.2139
E01005226,Manchester 007D,387217,401758,53.51234,-2.19423
E01005227,Manchester 009D,386556,401411,53.50921,-2.20419
E01005224,Manchester 007B,386825,401605,53.51096,-2.20014
E01005225,Manchester 007C,387434,401454,53.50962,-2.19095
E01005223,Manchester 007A,386780,402126,53.51564,-2.20083
E01005228,Manchester 009E,387323,401081,53.50626,-2.19261
E01005229,Manchester 007E,387361,402279,53.51703,-2.19208
E01005614,Salford 016E,383168,401203,53.50725,-2.25526
E01005615,Salford 016F,382601,400784,53.50346,-2.26378
E01005612,Salford 016C,383000,400813,53.50373,-2.25777
E01005613,Salford 016D,383493,401068,53.50604,-2.25035
E01005610,Salford 022D,382379,399514,53.49203,-2.26705
E01005611,Salford 016B,382436,400237,53.49853,-2.26624
E01005699,Salford 015C,379267,401134,53.50648,-2.31408
E01005106,Manchester 015D,387491,397723,53.47608,-2.18993
E01005107,Manchester 015E,388345,397842,53.47717,-2.17707
E01005186,Manchester 020B,387808,396608,53.46607,-2.18512
E01005104,Manchester 004A,384514,403319,53.5263,-2.23507
E01005105,Manchester 015C,386574,397751,53.47631,-2.20376
E01005102,Manchester 001D,384411,404215,53.53435,-2.23667
E01005103,Manchester 001E,384930,403801,53.53065,-2.22882
E01005100,Manchester 001C,385320,404282,53.53498,-2.22296
E01005181,Manchester 030D,383318,393976,53.44229,-2.2526
E01005101,Manchester 002A,385656,403865,53.53124,-2.21786
E01005189,Manchester 017D,388532,396433,53.46451,-2.1742
E01005066,Manchester 018E,384531,397155,53.47089,-2.23451
E01005067,Manchester 020A,387072,396757,53.46739,-2.19621
E01005065,Manchester 018D,385151,396990,53.46944,-2.22516
E01005062,Manchester 018B,385190,396554,53.46552,-2.22455
E01005063,Manchester 018C,385804,396393,53.46409,-2.21529
E01005061,Manchester 018A,386343,396902,53.46868,-2.20719
E01005206,Manchester 006C,385624,402215,53.51641,-2.21827
E01005207,Manchester 006D,386360,402141,53.51577,-2.20716
E01005205,Manchester 006B,385934,401762,53.51234,-2.21357
E01005284,Manchester 026C,385174,395716,53.45798,-2.22475
E01005203,Manchester 009B,385690,401179,53.5071,-2.21723
E01005201,Manchester 023E,388290,395942,53.46009,-2.17783
E01005208,Manchester 019A,383514,396273,53.46294,-2.24978
E01005209,Manchester 019B,384505,396091,53.46134,-2.23484
E01033667,Manchester 054E,384472,398620,53.48406,-2.23546
E01033664,Manchester 054D,384457,399057,53.488,-2.23571
E01033665,Manchester 056C,384328,399400,53.49108,-2.23768
E01033662,Manchester 057C,384081,397562,53.47454,-2.2413
E01033663,Manchester 013E,385499,398329,53.48148,-2.21998
E01033661,Manchester 055E,385074,398159,53.47993,-2.22637
E01033668,Manchester 015F,387200,398817,53.48591,-2.19437
E01033669,Manchester 015G,386786,398263,53.48092,-2.20058
E01005330,Oldham 015B,389642,404809,53.53982,-2.15776
E01005547,Rochdale 024D,384956,405196,53.54318,-2.2285
E01005544,Rochdale 025D,386775,404261,53.53483,-2.20101
E01005545,Rochdale 025E,387276,404274,53.53496,-2.19345
E01005549,Rochdale 025F,386757,404848,53.54011,-2.2013
E01032906,Salford 022G,382716,398500,53.48293,-2.26193
E01032907,Salford 022H,382256,398636,53.4836,-2.26971
E01032909,Salford 022I,383533,398744,53.48515,-2.24962
E01005257,Manchester 011B,387532,399863,53.49532,-2.1894
E01005098,Manchester 001A,384585,404424,53.53623,-2.23406
E01005202,Manchester 009A,386261,401409,53.50918,-2.20864
E01032687,Salford 022F,383115,398650,53.48429,-2.25592
E01032684,Salford 022E,382792,399139,53.48868,-2.26081
E01004826,Bolton 011C,370945,410757,53.59258,-2.44044
E01004827,Bolton 021A,370053,408076,53.56843,-2.45366
E01004824,Bolton 005E,371691,410966,53.5945,-2.42919
E01004825,Bolton 011B,371320,410915,53.59402,-2.43479
E01004822,Bolton 016B,371540,410522,53.5905,-2.43143
E01004823,Bolton 016C,371181,409780,53.58381,-2.43679
E01004820,Bolton 011A,371286,410500,53.59028,-2.43526
E01004828,Bolton 023A,370171,407861,53.5665,-2.45186
E01004829,Bolton 023B,370410,407720,53.56525,-2.44823
E01006316,Wigan 001B,354639,410582,53.58984,-2.68674
E01006397,Wigan 011C,354727,405819,53.54705,-2.68472
E01006317,Wigan 001C,356009,410747,53.59144,-2.66608
E01006314,Wigan 003D,353814,408432,53.57044,-2.69889
E01006395,Wigan 021C,355692,402460,53.51693,-2.66968
E01006315,Wigan 001A,355077,411096,53.5945,-2.68021
E01006394,Wigan 021B,355282,402828,53.52021,-2.67592
E01006312,Wigan 003B,354655,408668,53.57265,-2.68623
E01006393,Wigan 021A,355928,402827,53.52026,-2.66618
E01006313,Wigan 003C,354196,408316,53.56944,-2.69311
E01006392,Wigan 009E,359221,405866,53.54783,-2.61691
E01006310,Wigan 012D,359035,404593,53.53638,-2.61956
E01006391,Wigan 007D,359771,406639,53.55482,-2.60872
E01006311,Wigan 012E,360373,405826,53.54757,-2.59953
E01006390,Wigan 006E,359102,406693,53.55526,-2.61881
E01006318,Wigan 003E,354739,409067,53.57623,-2.68501
E01006399,Wigan 011E,354452,404709,53.53705,-2.68871
E01006319,Wigan 001D,355761,410315,53.58754,-2.66977
E01006398,Wigan 011D,354672,405377,53.54307,-2.68549
E01006276,Wigan 013E,361801,403831,53.52974,-2.57773
E01006277,Wigan 016D,362441,403607,53.52777,-2.56805
E01006274,Wigan 016B,362232,404136,53.53251,-2.57127
E01006275,Wigan 016C,362445,404438,53.53524,-2.5681
E01006272,Wigan 013C,361728,404661,53.5372,-2.57894
E01006273,Wigan 013D,362636,404860,53.53905,-2.56525
E01006270,Wigan 016A,363052,404422,53.53514,-2.55893
E01006271,Wigan 013B,362093,405077,53.54096,-2.57348
E01006278,Wigan 019A,363721,403256,53.52471,-2.5487
E01006279,Wigan 019B,364172,403101,53.52334,-2.54187
E01004886,Bolton 014C,365040,410429,53.58927,-2.52962
E01004885,Bolton 014B,365918,410033,53.58577,-2.51631
E01004884,Bolton 007E,365119,411569,53.59952,-2.52855
E01004883,Bolton 007D,364383,410908,53.59353,-2.53959
E01004882,Bolton 007C,364169,411192,53.59607,-2.54286
E01004881,Bolton 004B,363658,411797,53.60147,-2.55065
E01004880,Bolton 029E,372138,406449,53.55392,-2.42202
E01004889,Bolton 004D,363851,412189,53.605,-2.54778
E01004888,Bolton 004C,364255,412195,53.60509,-2.54166
E01005736,Salford 013E,371867,400837,53.50302,-2.42298
E01005734,Salford 013C,372509,400748,53.5027,-2.41593
E01005735,Salford 013D,372591,401032,53.50526,-2.41472
E01005739,Salford 013G,371960,400398,53.50216,-2.42176
E01004776,Bolton 031A,365244,407156,53.55986,-2.52616
E01004777,Bolton 004A,363554,411339,53.59734,-2.55217
E01004774,Bolton 005D,371160,412021,53.60395,-2.43731
E01004775,Bolton 014A,365862,409072,53.57713,-2.51704
E01004772,Bolton 005C,370765,412259,53.60607,-2.44329
E01004773,Bolton 003D,371573,412142,53.60506,-2.43107
E01004770,Bolton 003B,372084,412210,53.6057,-2.42337
E01004778,Bolton 009A,361269,411150,53.59548,-2.58667
E01004779,Bolton 007A,363165,411215,53.5962,-2.55803
E01033217,Bolton 016E,371337,409253,53.57908,-2.43437
E01033218,Bolton 028F,366178,406881,53.55745,-2.51204
E01033219,Bolton 028G,366919,407487,53.56295,-2.50092
E01004936,Bolton 031C,365291,406189,53.55117,-2.52534
E01004937,Bolton 035D,364589,404919,53.53972,-2.5358
E01004934,Bolton 035B,364796,404448,53.5355,-2.53263
E01004935,Bolton 035C,365630,404535,53.53634,-2.52005
E01004933,Bolton 035A,365336,404173,53.53306,-2.52444
E01004938,Bolton 031D,365372,405382,53.54393,-2.52403
E01004939,Bolton 031E,364919,405336,53.54349,-2.53086
E01005716,Salford 013A,372598,401579,53.51017,-2.41466
E01006346,Wigan 038E,360195,397563,53.47328,-2.60117
E01006347,Wigan 040E,362268,397223,53.47038,-2.56989
E01006345,Wigan 039D,361801,397624,53.47395,-2.57697
E01006342,Wigan 038C,360895,398096,53.47813,-2.59067
E01006343,Wigan 039C,362245,397740,53.47503,-2.5703
E01006340,Wigan 039B,361283,398309,53.48007,-2.58487
E01006341,Wigan 040D,362714,397680,53.47452,-2.56323
E01006348,Wigan 039E,361543,397139,53.47004,-2.58513
E01006349,Wigan 015A,357778,404851,53.5386,-2.63856
E01006236,Wigan 007A,362075,407482,53.56257,-2.57404
E01006237,Wigan 002D,356682,410597,53.59016,-2.65588
E01006234,Wigan 004C,361630,408296,53.56985,-2.58087
E01006235,Wigan 004D,360981,408261,53.56949,-2.59066
E01006232,Wigan 004B,357907,409694,53.58213,-2.63726
E01006233,Wigan 002C,357089,409091,53.57665,-2.64953
E01006230,Wigan 002B,356924,409641,53.58158,-2.6521
E01006231,Wigan 004A,361035,408660,53.57308,-2.58989
E01006238,Wigan 002E,356326,410323,53.58766,-2.66124
E01006239,Wigan 017A,367084,403713,53.52903,-2.49802
E01004846,Bolton 025A,371461,407272,53.56129,-2.43232
E01004847,Bolton 025B,371100,407424,53.56263,-2.43778
E01004844,Bolton 020D,367324,409080,53.57729,-2.49497
E01004845,Bolton 018D,369574,409282,53.57924,-2.461
E01004842,Bolton 012C,369032,410034,53.58597,-2.46926
E01004843,Bolton 018C,369221,409817,53.58403,-2.46639
E01004840,Bolton 012A,368269,410580,53.59083,-2.48085
E01004841,Bolton 012B,368562,410966,53.59432,-2.47647
E01004848,Bolton 016D,371481,408096,53.56869,-2.4321
E01004849,Bolton 021B,370781,408669,53.5738,-2.44272
E01006336,Wigan 027D,365384,401506,53.5091,-2.52342
E01006337,Wigan 027E,365813,401481,53.50889,-2.51695
E01006334,Wigan 030C,365612,400666,53.50156,-2.51989
E01006335,Wigan 034E,366767,399744,53.49335,-2.50239
E01006332,Wigan 031E,366524,400079,53.49634,-2.50608
E01006333,Wigan 030B,365915,400437,53.49952,-2.5153
E01006330,Wigan 031C,366233,400662,53.50156,-2.51052
E01006331,Wigan 031D,366745,400477,53.49993,-2.5028
E01006338,Wigan 030D,365673,401094,53.50541,-2.51902
E01006339,Wigan 039A,361845,398285,53.4799,-2.57639
E01006410,Wigan 020E,357376,402736,53.51956,-2.64433
E01006411,Wigan 015E,357102,404274,53.53336,-2.64868
E01006364,Wigan 018C,353369,404647,53.53639,-2.70505
E01006365,Wigan 018D,352963,404233,53.53263,-2.7111
E01006363,Wigan 018B,353682,405335,53.5426,-2.70043
E01006360,Wigan 010D,355379,405946,53.54824,-2.67491
E01006361,Wigan 010E,355958,406069,53.54939,-2.66618
E01006368,Wigan 018G,353348,402020,53.51278,-2.70497
E01006369,Wigan 008C,357469,406082,53.54963,-2.64339
E01006256,Wigan 005D,356590,406830,53.55629,-2.65676
E01006257,Wigan 008A,357275,406588,53.55417,-2.64639
E01006254,Wigan 005B,356794,407344,53.56093,-2.65374
E01006255,Wigan 005C,357399,407030,53.55816,-2.64457
E01006252,Wigan 034C,367138,400042,53.49604,-2.49682
E01006253,Wigan 005A,356361,407212,53.5597,-2.66026
E01006250,Wigan 029A,370216,400488,53.50024,-2.45047
E01006251,Wigan 029B,369531,399942,53.49529,-2.46074
E01006258,Wigan 008B,357053,406484,53.55322,-2.64972
E01006259,Wigan 003A,355795,407496,53.5622,-2.66885
E01004766,Bolton 005A,371192,411529,53.59953,-2.43678
E01004767,Bolton 005B,371743,411529,53.59956,-2.42845
E01004919,Bolton 012D,369150,410480,53.58999,-2.46753
E01004876,Bolton 033E,371797,405457,53.54499,-2.42709
E01004877,Bolton 025D,370894,406930,53.55817,-2.44085
E01004874,Bolton 033D,371331,405551,53.54581,-2.43412
E01004875,Bolton 029D,371824,405864,53.54865,-2.42671
E01004872,Bolton 029B,372561,405864,53.54869,-2.41559
E01004873,Bolton 029C,372387,406225,53.55192,-2.41825
E01004870,Bolton 015C,370465,409578,53.58196,-2.44758
E01004871,Bolton 015D,370486,408993,53.5767,-2.44721
E01004878,Bolton 023E,370639,407069,53.55941,-2.44471
E01004879,Bolton 025E,371386,406937,53.55827,-2.43342
E01005659,Salford 001A,371273,404367,53.53517,-2.43489
E01006326,Wigan 033D,365153,400250,53.49778,-2.52676
E01006327,Wigan 033E,363982,400121,53.49655,-2.5444
E01006324,Wigan 033B,364659,400384,53.49896,-2.53424
E01006322,Wigan 026D,363913,401938,53.51287,-2.54565
E01006323,Wigan 033A,364449,401042,53.50486,-2.53746
E01006320,Wigan 003F,353361,409762,53.58236,-2.70594
E01006321,Wigan 003G,352952,409304,53.57821,-2.71204
E01006328,Wigan 030A,365420,400086,53.49633,-2.52272
E01006329,Wigan 026E,362295,402105,53.51426,-2.57007
E01006216,Wigan 026C,361154,401159,53.50567,-2.58715
E01006297,Wigan 034D,366791,399130,53.48783,-2.50195
E01006296,Wigan 037A,365906,399405,53.49024,-2.51533
E01006214,Wigan 026B,360690,401805,53.51145,-2.59424
E01006295,Wigan 025C,368910,402226,53.51579,-2.47033
E01006215,Wigan 024B,359862,401709,53.51052,-2.60671
E01006294,Wigan 025B,369408,402090,53.51459,-2.46281
E01006212,Wigan 026A,360891,402096,53.51408,-2.59124
E01006293,Wigan 022D,368429,402224,53.51574,-2.47759
E01006213,Wigan 024A,360350,403258,53.52448,-2.59954
E01006292,Wigan 022C,368064,402842,53.52127,-2.48316
E01006291,Wigan 022B,367867,403376,53.52605,-2.48617
E01006290,Wigan 022A,368451,403648,53.52854,-2.4774
E01006218,Wigan 024D,360222,403010,53.52224,-2.60144
E01006299,Wigan 037C,365162,399236,53.48868,-2.52652
E01006219,Wigan 024E,360131,402271,53.5156,-2.60273
E01006298,Wigan 037B,365377,399635,53.49227,-2.52332
E01004940,Bolton 035E,365361,404815,53.53883,-2.52413
E01004836,Bolton 020B,368790,408131,53.56885,-2.47273
E01004837,Bolton 020C,368497,409123,53.57775,-2.47725
E01004834,Bolton 018A,369710,408003,53.56776,-2.45882
E01004835,Bolton 020A,368398,407972,53.5674,-2.47863
E01004832,Bolton 023C,370221,407101,53.55967,-2.45103
E01004830,Bolton 026A,369949,407224,53.56077,-2.45515
E01004831,Bolton 026B,369534,406938,53.55817,-2.46138
E01004838,Bolton 018B,369403,407900,53.56681,-2.46346
E01004839,Bolton 026D,369232,407539,53.56356,-2.46599
E01004900,Bolton 030D,369097,407082,53.55944,-2.46799
E01004901,Bolton 028E,365998,406578,53.55472,-2.51472
E01004866,Bolton 011E,370816,410250,53.58802,-2.44234
E01004867,Bolton 008B,370512,410670,53.59177,-2.44697
E01004864,Bolton 008A,370298,411031,53.59501,-2.45024
E01004865,Bolton 011D,370662,410940,53.59421,-2.44473
E01004868,Bolton 015A,370107,409672,53.58278,-2.453
E01004869,Bolton 015B,370363,410049,53.58619,-2.44916
E01004854,Bolton 023D,370774,407781,53.56582,-2.44274
E01004852,Bolton 025C,371068,407926,53.56714,-2.43831
E01004853,Bolton 021E,370539,408034,53.56808,-2.44632
E01004850,Bolton 021C,370334,408398,53.57134,-2.44945
E01004851,Bolton 021D,370789,408265,53.57017,-2.44257
E01006306,Wigan 009A,358833,405437,53.54395,-2.62272
E01006387,Wigan 009D,359065,406284,53.55158,-2.61932
E01006307,Wigan 009B,359601,405395,53.54363,-2.61113
E01006386,Wigan 009C,358760,405750,53.54676,-2.62385
E01006304,Wigan 040C,362817,397136,53.46964,-2.56161
E01006385,Wigan 029E,370058,401001,53.50484,-2.4529
E01006305,Wigan 012A,360588,405493,53.54459,-2.59624
E01006384,Wigan 028E,370324,401223,53.50685,-2.44891
E01006302,Wigan 040A,363711,397904,53.47661,-2.54822
E01006303,Wigan 040B,364174,397884,53.47645,-2.54125
E01006382,Wigan 028C,370222,401580,53.51006,-2.45049
E01006300,Wigan 037D,365585,398816,53.48493,-2.52009
E01006381,Wigan 028B,369424,401528,53.50954,-2.46251
E01006301,Wigan 037E,365185,398459,53.48169,-2.52609
E01006380,Wigan 029D,371233,401506,53.51048,-2.43298
E01006308,Wigan 012B,360069,405321,53.543,-2.60405
E01006389,Wigan 007C,359589,406174,53.55063,-2.6114
E01006309,Wigan 012C,359505,404753,53.53785,-2.61249
E01006388,Wigan 007B,360234,406862,53.55687,-2.60175
E01006266,Wigan 032C,356603,400656,53.5008,-2.6557
E01006267,Wigan 032D,356933,400377,53.49832,-2.65069
E01006264,Wigan 036D,356899,399522,53.49063,-2.65109
E01006265,Wigan 036E,357441,399390,53.48949,-2.64289
E01006262,Wigan 032A,357068,401495,53.50838,-2.64881
E01006263,Wigan 032B,357856,399992,53.49493,-2.63672
E01006260,Wigan 005E,357179,407495,53.56232,-2.64795
E01006261,Wigan 036C,357040,399894,53.49399,-2.649
E01006268,Wigan 032E,357364,400380,53.49838,-2.64418
E01006269,Wigan 013A,361446,404095,53.53209,-2.58313
E01006406,Wigan 020A,357415,403537,53.52676,-2.64385
E01006407,Wigan 020B,357690,403144,53.52325,-2.63966
E01006404,Wigan 015C,356593,403735,53.52847,-2.65628
E01006405,Wigan 015D,357542,404258,53.53324,-2.64203
E01006402,Wigan 021F,355613,403399,53.52537,-2.67101
E01006403,Wigan 021G,356452,403137,53.52309,-2.65832
E01006400,Wigan 021D,355996,403233,53.52391,-2.66522
E01006401,Wigan 021E,355132,403746,53.52844,-2.67832
E01006408,Wigan 020C,356978,403487,53.52627,-2.65044
E01006409,Wigan 020D,357132,403027,53.52216,-2.64805
E01004783,Bolton 009D,362159,410033,53.58551,-2.57308
E01004782,Bolton 009C,361521,410831,53.59263,-2.58282
E01004781,Bolton 007B,364829,410175,53.58697,-2.53276
E01004780,Bolton 009B,362316,410827,53.59265,-2.5708
E01033220,Bolton 016F,371545,409849,53.58445,-2.43129
E01006246,Wigan 034A,367523,399559,53.49173,-2.49097
E01006247,Wigan 034B,367062,399074,53.48734,-2.49786
E01006244,Wigan 023C,367422,403017,53.5228,-2.49286
E01006245,Wigan 023D,366554,402667,53.5196,-2.50591
E01006242,Wigan 023A,366990,403121,53.52371,-2.49937
E01006243,Wigan 023B,366182,402804,53.52081,-2.51153
E01006240,Wigan 017B,367471,404159,53.53307,-2.49224
E01006248,Wigan 031A,368100,401096,53.50558,-2.48243
E01006249,Wigan 031B,367913,400584,53.50097,-2.48519
E01004924,Bolton 008D,369715,411421,53.59848,-2.45909
E01004925,Bolton 008E,370057,410766,53.59261,-2.45385
E01004922,Bolton 015E,369845,410202,53.58753,-2.457
E01004923,Bolton 018E,369810,409624,53.58233,-2.45747
E01004920,Bolton 012E,368697,410527,53.59038,-2.47438
E01004921,Bolton 008C,369631,410474,53.58996,-2.46026
E01004816,Bolton 029A,372474,407076,53.55957,-2.41701
E01004897,Bolton 020E,367683,408581,53.57283,-2.4895
E01004817,Bolton 022E,372431,408572,53.57302,-2.41779
E01004896,Bolton 030B,368877,404556,53.53672,-2.47106
E01004815,Bolton 022D,372049,407305,53.56161,-2.42345
E01004894,Bolton 028C,365710,406199,53.55129,-2.51903
E01004812,Bolton 022B,372490,407528,53.56364,-2.41682
E01004893,Bolton 028B,366280,405837,53.54807,-2.51038
E01004892,Bolton 030A,368817,405562,53.54576,-2.47207
E01004891,Bolton 028A,366641,406160,53.551,-2.50496
E01004811,Bolton 022A,372036,407595,53.56422,-2.42368
E01004890,Bolton 004E,364109,411739,53.60098,-2.54382
E01004818,Bolton 017A,372506,409110,53.57786,-2.41671
E01004899,Bolton 030C,368158,406986,53.55852,-2.48216
E01005709,Salford 004C,372052,403026,53.52316,-2.42303
E01005664,Salford 001D,371628,404663,53.53785,-2.42957
E01005665,Salford 001E,372137,404693,53.53814,-2.42189
E01005662,Salford 004B,371355,403736,53.52949,-2.43361
E01005663,Salford 001C,372389,403318,53.52579,-2.41797
E01005660,Salford 001B,371999,404239,53.53405,-2.42393
E01005661,Salford 004A,371545,403358,53.5261,-2.43069
E01006376,Wigan 028A,369405,400757,53.50261,-2.46272
E01006377,Wigan 025D,370004,401939,53.51326,-2.45381
E01006374,Wigan 006D,358095,406977,53.55773,-2.63405
E01006375,Wigan 008E,358199,406475,53.55322,-2.63242
E01006372,Wigan 006B,357934,407850,53.56557,-2.6366
E01006373,Wigan 006C,357939,407175,53.5595,-2.63644
E01006370,Wigan 006A,358468,406511,53.55357,-2.62837
E01006371,Wigan 008D,357557,406505,53.55344,-2.64211
E01006378,Wigan 025E,370743,402163,53.51532,-2.44269
E01006379,Wigan 029C,371707,401301,53.51033,-2.43291
E01006226,Wigan 035E,358164,398714,53.48348,-2.6319
E01006227,Wigan 038A,359832,398402,53.4808,-2.60673
E01006224,Wigan 035D,358625,399248,53.48831,-2.62503
E01006225,Wigan 036B,357557,398752,53.48376,-2.64106
E01006222,Wigan 035C,358725,399654,53.49196,-2.62357
E01006223,Wigan 036A,358094,399131,53.48721,-2.63302
E01006221,Wigan 035B,358203,399628,53.49169,-2.63145
E01006228,Wigan 038B,360220,398233,53.4793,-2.60086
E01006229,Wigan 002A,356271,409867,53.58356,-2.66199
E01006396,Wigan 011B,354551,406041,53.54902,-2.68742
E01004887,Bolton 014D,365328,410534,53.59023,-2.52527
E01006366,Wigan 018E,352790,403431,53.52541,-2.7136
E01006367,Wigan 018F,352888,403216,53.52348,-2.71208
E01006362,Wigan 018A,353140,405106,53.54049,-2.70857
E01006344,Wigan 038D,361075,397877,53.47617,-2.58794
E01006325,Wigan 033C,364262,400116,53.49652,-2.54019
E01006217,Wigan 024C,359570,403788,53.52918,-2.61137
E01006383,Wigan 028D,369596,401130,53.50597,-2.45988
E01004833,Bolton 026C,369759,406703,53.55608,-2.45797
E01006241,Wigan 017C,367016,404149,53.53295,-2.49909
E01004895,Bolton 031B,365826,405275,53.54299,-2.51718
E01004813,Bolton 022C,371707,407256,53.56115,-2.4286
E01005704,Salford 002B,372297,404011,53.53202,-2.41941
E01006220,Wigan 035A,358974,400162,53.49655,-2.6199
E01006356,Wigan 011A,354945,405346,53.54282,-2.68137
E01006357,Wigan 010C,355355,405187,53.54141,-2.67516
E01006354,Wigan 014B,355765,404635,53.53649,-2.6689
E01006355,Wigan 014C,355804,404232,53.53287,-2.66825
E01006352,Wigan 015B,356639,404899,53.53894,-2.65574
E01006353,Wigan 014A,356161,404554,53.5358,-2.66291
E01006350,Wigan 010A,356133,405501,53.54431,-2.66346
E01006351,Wigan 010B,356088,405013,53.53991,-2.66407
E01006358,Wigan 014D,354899,404526,53.53544,-2.68194
E01006359,Wigan 014E,355381,404567,53.53584,-2.67468
E01006287,Wigan 017D,368286,404006,53.53175,-2.47992
E01006286,Wigan 016E,363001,403923,53.53065,-2.55963
E01006285,Wigan 019E,363483,403882,53.53032,-2.55236
E01006284,Wigan 027C,364438,401819,53.51184,-2.53772
E01006283,Wigan 027B,364603,401390,53.50799,-2.53518
E01006282,Wigan 027A,364954,402221,53.51549,-2.52998
E01006281,Wigan 019D,364532,403034,53.52277,-2.53645
E01006280,Wigan 019C,363146,403380,53.52579,-2.55739
E01006289,Wigan 017E,367834,403833,53.53016,-2.48673
E01006288,Wigan 025A,369016,402945,53.52226,-2.46881
E01005463,Oldham 035F,391167,404025,53.53281,-2.13473
E01005460,Oldham 035C,390940,404153,53.53395,-2.13816
E01005461,Oldham 035D,391949,404160,53.53403,-2.12294
E01005468,Rochdale 016E,390988,410391,53.59002,-2.13762
E01005469,Rochdale 012A,390651,411702,53.6018,-2.14275
E01005340,Oldham 010D,390593,406278,53.55305,-2.14346
E01005348,Oldham 014A,392432,405938,53.55002,-2.1157
E01005349,Oldham 016A,391943,405595,53.54693,-2.12306
E01005446,Oldham 003C,394548,409037,53.5779,-2.08381
E01005447,Oldham 003D,393764,408626,53.5742,-2.09565
E01005444,Oldham 002C,393903,409428,53.58141,-2.09356
E01005445,Oldham 002D,393940,409189,53.57925,-2.093
E01005442,Oldham 002B,394524,409789,53.58466,-2.08419
E01005443,Oldham 003B,394847,409479,53.58187,-2.0793
E01005441,Oldham 002A,394160,409964,53.58622,-2.08968
E01005448,Oldham 012A,394454,405500,53.54611,-2.08517
E01005449,Oldham 012B,394930,405661,53.54756,-2.07799
E01005326,Oldham 022B,393328,404365,53.53589,-2.10214
E01005321,Oldham 022A,393767,404031,53.53289,-2.09551
E01005328,Oldham 017B,390796,404835,53.54008,-2.14036
E01005579,Rochdale 004B,391344,414102,53.62338,-2.13235
E01005427,Oldham 022C,393376,404583,53.53785,-2.10142
E01005422,Oldham 011B,393946,406441,53.55456,-2.09285
E01005420,Oldham 021D,396218,404873,53.54048,-2.05853
E01005421,Oldham 011A,394295,406231,53.55268,-2.08758
E01005428,Oldham 019A,394195,404927,53.54095,-2.08906
E01005429,Oldham 022D,393661,404500,53.53711,-2.09712
E01005397,Oldham 009A,393244,407457,53.56369,-2.10347
E01005396,Oldham 004D,391166,408596,53.57389,-2.13488
E01005395,Oldham 004C,391642,408748,53.57526,-2.12769
E01005394,Oldham 004B,391237,409430,53.58139,-2.13383
E01005393,Oldham 008C,391300,407192,53.56127,-2.13281
E01005392,Oldham 008B,391715,407744,53.56624,-2.12657
E01005391,Oldham 008A,391180,407560,53.56458,-2.13463
E01005399,Oldham 005C,392828,407684,53.56572,-2.10976
E01005398,Oldham 009B,392191,407061,53.56011,-2.11935
E01005416,Oldham 013C,398565,407524,53.56432,-2.02314
E01005417,Oldham 013D,396117,405531,53.5464,-2.06008
E01005414,Oldham 006C,397500,410273,53.58903,-2.03924
E01005415,Oldham 006D,398534,408210,53.57049,-2.02361
E01005413,Oldham 021B,396622,404302,53.53536,-2.05243
E01005410,Oldham 006A,400300,407951,53.56817,-1.99695
E01005411,Oldham 006B,399707,406709,53.557,-2.00589
E01005419,Oldham 021C,395825,404641,53.5384,-2.06446
E01005537,Rochdale 023C,388448,406700,53.55679,-2.17585
E01005336,Oldham 015D,389735,406184,53.55219,-2.15641
E01005337,Oldham 010B,391177,406108,53.55153,-2.13465
E01005334,Oldham 017D,389961,405958,53.55016,-2.15299
E01005335,Oldham 010A,389310,406091,53.55134,-2.16281
E01005333,Oldham 015C,389184,405836,53.54904,-2.16472
E01032556,Oldham 026E,395155,404396,53.53619,-2.07457
E01032558,Oldham 007E,395159,407959,53.56822,-2.07456
E01032559,Oldham 007F,394739,407566,53.56468,-2.0809
E01005360,Oldham 001D,392618,409355,53.58073,-2.11297
E01005361,Oldham 003A,393247,409020,53.57773,-2.10347
E01033258,Rochdale 008G,390605,413951,53.62201,-2.14352
E01005585,Rochdale 008F,390901,413566,53.61855,-2.13903
E01005583,Rochdale 008D,390306,413783,53.6205,-2.14804
E01005589,Rochdale 009B,388397,414148,53.62374,-2.1769
E01005466,Rochdale 016C,389792,410869,53.5943,-2.15571
E01005467,Rochdale 016D,390166,410682,53.59262,-2.15005
E01005464,Rochdale 016A,389786,411408,53.59914,-2.15581
E01005465,Rochdale 016B,390579,411170,53.59702,-2.14382
E01005387,Oldham 018A,395501,405635,53.54733,-2.06937
E01005389,Oldham 018C,395546,404113,53.53365,-2.06867
E01005388,Oldham 018B,395532,405159,53.54305,-2.0689
E01005556,Rochdale 013A,392650,412680,53.61062,-2.11257
E01005557,Rochdale 014B,393335,412876,53.61239,-2.10222
E01005555,Rochdale 014A,392786,413160,53.61494,-2.11053
E01005558,Rochdale 014C,393093,412555,53.6095,-2.10586
E01005559,Rochdale 013B,392235,412795,53.61164,-2.11884
E01005406,Oldham 021A,397628,404557,53.53765,-2.03726
E01005487,Rochdale 010G,388971,413891,53.62144,-2.16822
E01005407,Oldham 013A,398405,404429,53.53651,-2.02554
E01005484,Rochdale 010E,389286,412661,53.61039,-2.16341
E01005402,Oldham 009D,392258,406640,53.55633,-2.11834
E01005483,Rochdale 010D,389202,413672,53.61948,-2.16471
E01005403,Oldham 005D,392058,408221,53.57053,-2.1214
E01005482,Rochdale 010C,389432,413593,53.61877,-2.16124
E01005400,Oldham 009C,392295,407517,53.5642,-2.1178
E01005480,Rochdale 017E,388160,411546,53.60034,-2.18038
E01005408,Oldham 020C,399486,404158,53.53407,-2.00922
E01005409,Oldham 020D,399983,404265,53.53503,-2.00173
E01005534,Rochdale 023A,388196,405483,53.54585,-2.17961
E01005538,Rochdale 023D,387919,406666,53.55647,-2.18383
E01005592,Rochdale 009E,388133,413400,53.61701,-2.18086
E01005591,Rochdale 009D,387931,414046,53.62281,-2.18394
E01005590,Rochdale 009C,388810,413536,53.61825,-2.17063
E01005476,Rochdale 017A,387933,410592,53.59177,-2.18378
E01005477,Rochdale 017B,388221,410620,53.59202,-2.17943
E01005474,Rochdale 011A,388102,411975,53.6042,-2.18128
E01005475,Rochdale 015C,389793,411990,53.60437,-2.15572
E01005472,Rochdale 010A,388624,412169,53.60596,-2.17339
E01005473,Rochdale 010B,389059,412076,53.60513,-2.16681
E01005470,Rochdale 015A,389844,412259,53.60678,-2.15496
E01005471,Rochdale 015B,389358,412008,53.60452,-2.16231
E01005478,Rochdale 017C,388739,410414,53.59018,-2.1716
E01005479,Rochdale 017D,388645,409521,53.58215,-2.17297
E01005434,Oldham 024B,392651,403916,53.53185,-2.11234
E01005432,Oldham 014C,393084,405997,53.55056,-2.10586
E01005433,Oldham 014D,392760,405540,53.54645,-2.11074
E01005430,Oldham 022E,394078,404488,53.53701,-2.09082
E01005431,Oldham 019B,394425,404484,53.53698,-2.08559
E01005390,Oldham 004A,391451,408160,53.56997,-2.13056
E01005412,Oldham 013B,399050,406428,53.55448,-2.01581
E01005418,Oldham 018D,395899,405127,53.54277,-2.06335
E01005356,Oldham 005B,393127,408105,53.56951,-2.10525
E01005357,Oldham 001A,393144,410028,53.58679,-2.10504
E01005354,Oldham 016E,391794,406032,53.55085,-2.12533
E01005355,Oldham 005A,393420,408443,53.57255,-2.10083
E01005352,Oldham 016C,391308,405329,53.54452,-2.13264
E01005353,Oldham 016D,391718,404977,53.54137,-2.12644
E01005350,Oldham 014B,392330,405489,53.54598,-2.11722
E01005351,Oldham 016B,391385,405752,53.54833,-2.13149
E01005358,Oldham 001B,393484,409577,53.58274,-2.09989
E01005359,Oldham 001C,392675,409701,53.58385,-2.11212
E01005566,Rochdale 012D,391417,413376,53.61685,-2.13122
E01005567,Rochdale 013D,391912,413073,53.61414,-2.12373
E01005564,Rochdale 015E,390122,412358,53.60769,-2.15077
E01005565,Rochdale 012C,391076,411707,53.60185,-2.13632
E01005562,Rochdale 014E,393445,411445,53.59953,-2.10052
E01005563,Rochdale 012B,390646,412240,53.60664,-2.14284
E01005560,Rochdale 013C,392807,412020,53.60469,-2.11018
E01005561,Rochdale 014D,394173,411713,53.60195,-2.08953
E01005568,Rochdale 012E,390684,412795,53.61163,-2.14228
E01005569,Rochdale 012F,391102,412911,53.61267,-2.13596
E01032922,Oldham 020E,399978,405547,53.54656,-2.00181
E01032920,Oldham 011E,393686,406051,53.55105,-2.09676
E01032921,Oldham 035G,391507,404326,53.53583,-2.12997
E01005456,Oldham 012E,394577,405860,53.54934,-2.08332
E01005454,Oldham 012C,394985,406268,53.55301,-2.07716
E01005455,Oldham 012D,394660,406369,53.55392,-2.08208
E01005452,Oldham 007C,395657,407735,53.56621,-2.06704
E01005453,Oldham 007D,395108,407162,53.56106,-2.07532
E01005450,Oldham 019C,394340,405167,53.54311,-2.08688
E01005451,Oldham 019D,394594,404829,53.54008,-2.08304
E01005459,Oldham 024D,392079,404408,53.53626,-2.12098
E01005331,Oldham 017C,390555,404538,53.53741,-2.14397
E01005338,Oldham 017E,390892,405693,53.54779,-2.13893
E01005339,Oldham 010C,390343,406597,53.5559,-2.14724
E01005542,Rochdale 023G,388479,405731,53.54808,-2.17534
E01005543,Rochdale 021F,388169,407237,53.56162,-2.18008
E01005540,Rochdale 023E,388218,406032,53.55078,-2.17931
E01005541,Rochdale 023F,387855,406165,53.55197,-2.18478
E01005485,Rochdale 015D,389585,412600,53.60985,-2.15888
E01005401,Oldham 008D,391624,406790,53.55766,-2.12792
E01004797,Bolton 013E,374004,409782,53.58398,-2.39414
E01004796,Bolton 019A,374213,409372,53.5803,-2.39095
E01004795,Bolton 013D,374828,409857,53.58469,-2.38171
E01004794,Bolton 013C,373882,410551,53.59088,-2.39605
E01004793,Bolton 013B,374267,410092,53.58677,-2.3902
E01004792,Bolton 006F,374992,411440,53.59892,-2.37935
E01004791,Bolton 006E,374326,411919,53.6032,-2.38945
E01004790,Bolton 002B,373334,412212,53.60578,-2.40446
E01004799,Bolton 019C,374995,409000,53.57699,-2.37912
E01004798,Bolton 019B,374625,409087,53.57776,-2.3847
E01004950,Bury 010B,377685,410835,53.59361,-2.33862
E01004806,Bolton 002D,372791,413159,53.61427,-2.41275
E01004807,Bolton 001D,371918,413810,53.62008,-2.42602
E01004804,Bolton 001C,371225,414564,53.62681,-2.43655
E01004805,Bolton 002C,372597,413781,53.61985,-2.41575
E01004802,Bolton 010A,372693,411537,53.59968,-2.41409
E01004803,Bolton 001B,370864,414991,53.63063,-2.44206
E01004800,Bolton 019D,375090,408551,53.57296,-2.37764
E01004801,Bolton 019E,374126,408773,53.57491,-2.39222
E01004808,Bolton 001E,371565,413804,53.62,-2.43135
E01004809,Bolton 003E,372126,413397,53.61637,-2.42284
E01004771,Bolton 003C,371348,412683,53.60991,-2.43453
E01004932,Bolton 017F,373228,409348,53.58003,-2.40583
E01004930,Bolton 017D,373323,410002,53.58591,-2.40445
E01004931,Bolton 017E,373206,409629,53.58256,-2.40618
E01005676,Salford 005C,376922,403885,53.53111,-2.34962
E01005047,Bury 003C,376397,413985,53.62187,-2.35831
E01005048,Bury 002D,377706,414761,53.6289,-2.33859
E01005049,Bury 003D,377672,413453,53.61714,-2.339
E01004768,Bolton 001A,370942,413036,53.61306,-2.44069
E01004769,Bolton 003A,371914,412835,53.61131,-2.42599
E01005006,Bury 012D,376990,410063,53.58664,-2.34906
E01005004,Bury 016C,377210,407956,53.56772,-2.34558
E01005005,Bury 012C,376285,410089,53.58685,-2.35972
E01005002,Bury 014D,376989,408136,53.56932,-2.34894
E01005003,Bury 014E,377738,408132,53.56932,-2.33762
E01005000,Bury 012A,376349,408315,53.5709,-2.35861
E01005001,Bury 012B,375944,408213,53.56997,-2.36471
E01005052,Bury 006D,377533,412471,53.60831,-2.34104
E01005053,Bury 006E,377649,411920,53.60336,-2.33923
E01005051,Bury 003E,377694,412833,53.61156,-2.33862
E01004916,Bolton 024F,375857,406982,53.5589,-2.36593
E01004917,Bolton 019F,374080,408144,53.56926,-2.39286
E01004914,Bolton 024D,376265,407220,53.56106,-2.35979
E01004995,Bury 018A,377028,407287,53.5617,-2.34827
E01004915,Bolton 024E,375319,406838,53.55758,-2.37405
E01004912,Bolton 024B,374916,407266,53.56141,-2.38016
E01004913,Bolton 024C,375760,407552,53.56402,-2.36745
E01004910,Bolton 034G,375520,405728,53.54761,-2.37092
E01004911,Bolton 024A,375304,407593,53.56436,-2.37434
E01004990,Bury 016A,377237,407425,53.56294,-2.34513
E01004918,Bolton 024G,375466,408032,53.56832,-2.37191
E01004998,Bury 014B,377487,408535,53.57293,-2.34144
E01004906,Bolton 032E,374373,405535,53.54582,-2.38822
E01004907,Bolton 034D,374725,404545,53.53694,-2.38283
E01004904,Bolton 034B,376096,405096,53.54196,-2.36218
E01004905,Bolton 034C,374856,405251,53.54329,-2.38091
E01004902,Bolton 032D,373908,405336,53.54401,-2.39521
E01004903,Bolton 034A,375744,405196,53.54284,-2.36751
E01004908,Bolton 034E,375907,404288,53.53469,-2.36497
E01004909,Bolton 034F,375084,404669,53.53807,-2.37742
E01004862,Bolton 033B,372991,405374,53.5443,-2.40906
E01004863,Bolton 033C,373232,404956,53.54056,-2.40538
E01004860,Bolton 032C,373420,405473,53.54522,-2.4026
E01004861,Bolton 033A,372617,405264,53.5433,-2.4147
E01004856,Bolton 027C,372912,406565,53.55501,-2.41036
E01004857,Bolton 027D,373620,406460,53.5541,-2.39965
E01004855,Bolton 027B,374120,406146,53.5513,-2.39208
E01004858,Bolton 032A,373120,405899,53.54903,-2.40717
E01004787,Bolton 013A,374565,410387,53.58944,-2.38572
E01004786,Bolton 006C,374071,411450,53.59897,-2.39328
E01004785,Bolton 006B,374350,410908,53.59411,-2.38901
E01004784,Bolton 006A,374488,411217,53.59689,-2.38695
E01004789,Bolton 006D,374155,412604,53.60935,-2.3921
E01004788,Bolton 002A,373760,412605,53.60934,-2.39807
E01004926,Bolton 010B,373041,410621,53.59147,-2.40876
E01004927,Bolton 010C,372676,410191,53.58759,-2.41424
E01004928,Bolton 017C,373016,410243,53.58807,-2.40911
E01004929,Bolton 010D,372834,410934,53.59427,-2.41191
E01004814,Bolton 027A,373337,406897,53.55801,-2.40397
E01004810,Bolton 002E,373008,412278,53.60636,-2.4094
E01004819,Bolton 017B,372877,408586,53.57317,-2.41106
E01005706,Salford 002C,372820,403679,53.52906,-2.41149
E01005707,Salford 003C,374055,403537,53.52784,-2.39285
E01005705,Salford 003B,374278,403133,53.52423,-2.38945
E01005702,Salford 003A,373357,404161,53.53342,-2.40344
E01005703,Salford 002A,372695,404136,53.53316,-2.41342
E01005708,Salford 002D,373344,403506,53.52754,-2.40357
E01004859,Bolton 032B,374061,405865,53.54877,-2.39295
E01004957,Bury 007D,382069,411070,53.59589,-2.2724
E01004954,Bury 007A,383000,411679,53.60139,-2.25836
E01004955,Bury 007B,382488,411479,53.59958,-2.26609
E01004958,Bury 008A,381506,411156,53.59664,-2.2809
E01004959,Bury 008B,381612,410875,53.59412,-2.27929
E01005576,Rochdale 011C,386863,412938,53.61283,-2.20004
E01005577,Rochdale 011D,387588,412938,53.61285,-2.18909
E01005574,Rochdale 007D,386552,413522,53.61807,-2.20476
E01005575,Rochdale 011B,386347,412604,53.60981,-2.20783
E01005572,Rochdale 007B,386480,414171,53.6239,-2.20589
E01005573,Rochdale 007C,386064,413954,53.62194,-2.21217
E01005570,Rochdale 007A,386209,414669,53.62837,-2.21001
E01005571,Rochdale 006D,385479,414626,53.62796,-2.22104
E01005578,Rochdale 004A,390900,414930,53.63082,-2.13909
E01005526,Rochdale 021C,386687,407487,53.56383,-2.20246
E01005527,Rochdale 022A,386248,407198,53.56121,-2.20908
E01005524,Rochdale 021A,386792,406469,53.55468,-2.20085
E01005525,Rochdale 021B,387168,407575,53.56463,-2.19521
E01005522,Rochdale 001C,393717,416505,53.64502,-2.09652
E01005523,Rochdale 001D,392995,416057,53.64098,-2.10742
E01005520,Rochdale 001B,393828,417115,53.6505,-2.09485
E01005521,Rochdale 003C,394102,416348,53.64361,-2.09069
E01005528,Rochdale 021D,386940,407099,53.56035,-2.19863
E01005529,Rochdale 022B,386434,406660,53.55638,-2.20626
E01005497,Rochdale 018A,385053,411334,53.59836,-2.22732
E01005496,Rochdale 009A,387926,414827,53.62983,-2.18404
E01005495,Rochdale 005F,389686,414775,53.6294,-2.15743
E01005494,Rochdale 005E,389232,414785,53.62948,-2.1643
E01005493,Rochdale 005D,388608,414939,53.63085,-2.17375
E01005492,Rochdale 006B,388353,415510,53.63598,-2.17762
E01005491,Rochdale 005C,388908,415367,53.6347,-2.16921
E01005490,Rochdale 005B,389812,415290,53.63403,-2.15554
E01005499,Rochdale 006C,385054,411768,53.60226,-2.22734
E01005498,Rochdale 020A,385898,411048,53.59582,-2.21454
E01005536,Rochdale 021E,387527,406802,53.55769,-2.18976
E01005587,Rochdale 007E,387054,414408,53.62604,-2.19721
E01005506,Rochdale 020D,385998,409883,53.58534,-2.21297
E01005586,Rochdale 004C,390963,415381,53.63488,-2.13814
E01005507,Rochdale 020E,386362,409764,53.58428,-2.20748
E01005504,Rochdale 018D,385324,410300,53.58907,-2.22318
E01005505,Rochdale 018E,384781,410372,53.5897,-2.23138
E01005502,Rochdale 018C,385782,410295,53.58904,-2.21626
E01005503,Rochdale 020C,385498,409740,53.58404,-2.22052
E01005581,Rochdale 008B,390755,414482,53.62679,-2.14126
E01005500,Rochdale 020B,386466,410978,53.5952,-2.20596
E01005580,Rochdale 008A,390148,414415,53.62617,-2.15044
E01005501,Rochdale 018B,385834,410752,53.59315,-2.21549
E01005508,Rochdale 020F,386202,409243,53.57959,-2.20988
E01005588,Rochdale 007F,387513,414170,53.62392,-2.19027
E01005509,Rochdale 018F,385019,410631,53.59204,-2.22781
E01005056,Bury 017C,381676,407089,53.5601,-2.2781
E01005057,Bury 017D,381946,407768,53.56621,-2.27406
E01005554,Rochdale 022F,385551,407358,53.56264,-2.21961
E01005552,Rochdale 022D,385215,406443,53.5544,-2.22464
E01005553,Rochdale 022E,386032,406397,53.55401,-2.21231
E01005551,Rochdale 022C,385882,407230,53.5615,-2.21461
E01005486,Rochdale 010F,389616,414261,53.62478,-2.15848
E01005481,Rochdale 017F,387739,411365,53.59871,-2.18674
E01005489,Rochdale 005A,389461,415328,53.63437,-2.16086
E01005488,Rochdale 006A,387536,414858,53.6301,-2.18995
E01005533,Rochdale 024A,387163,405511,53.54608,-2.1952
E01005539,Rochdale 024B,387203,406426,53.5543,-2.19464
E01004960,Bury 007E,381941,411770,53.60218,-2.27437
E01004969,Bury 022A,383536,405838,53.54891,-2.24995
E01005597,Rochdale 002C,391359,416876,53.64831,-2.13219
E01005516,Rochdale 003A,392936,415260,53.63381,-2.1083
E01005596,Rochdale 003D,392110,415536,53.63628,-2.12081
E01005517,Rochdale 003B,392967,414951,53.63104,-2.10782
E01005595,Rochdale 004E,391609,415572,53.6366,-2.12838
E01005514,Rochdale 019E,383241,410271,53.58875,-2.25464
E01005594,Rochdale 002B,391230,416230,53.64251,-2.13413
E01005515,Rochdale 019F,384282,410116,53.58739,-2.23892
E01005593,Rochdale 004D,391741,415919,53.63972,-2.12639
E01005512,Rochdale 019C,384253,410683,53.59249,-2.23937
E01005513,Rochdale 019D,383875,410432,53.59021,-2.24507
E01005510,Rochdale 019A,384435,411185,53.597,-2.23665
E01005511,Rochdale 019B,384176,411034,53.59564,-2.24056
E01005518,Rochdale 001A,394431,418277,53.66095,-2.08575
E01005598,Rochdale 002D,392774,416327,53.6434,-2.11078
E01005519,Rochdale 002A,393003,416989,53.64936,-2.10733
E01004946,Bury 021E,381929,406358,53.55354,-2.27424
E01004944,Bury 021D,381605,405710,53.5477,-2.2791
E01004945,Bury 017A,381604,406588,53.55559,-2.27915
E01004941,Bury 021A,381963,405867,53.54912,-2.27369
E01005546,Rochdale 024C,385578,405498,53.54592,-2.21911
E01005548,Rochdale 024E,386570,405975,53.55023,-2.20418
E01005686,Salford 006A,377543,402173,53.51575,-2.34014
E01005689,Salford 009B,377002,401964,53.51385,-2.34828
E01005688,Salford 006B,377383,402573,53.51933,-2.34258
E01004956,Bury 007C,381344,411869,53.60305,-2.2834
E01004952,Bury 010D,377943,410061,53.58666,-2.33466
E01004953,Bury 010E,378789,410789,53.59324,-2.32194
E01004951,Bury 010C,378488,410037,53.58647,-2.32643
E01005677,Salford 005D,377973,403165,53.52469,-2.33372
E01005670,Salford 005A,378173,402652,53.52008,-2.33067
E01005678,Salford 008C,378584,402943,53.52271,-2.32449
E01005679,Salford 008D,378819,402595,53.51959,-2.32092
E01005026,Bury 008F,381210,410341,53.58931,-2.28533
E01005027,Bury 011B,380252,410139,53.58746,-2.29979
E01005024,Bury 008E,381009,410449,53.59027,-2.28838
E01005025,Bury 011A,380091,409491,53.58163,-2.30219
E01005022,Bury 003B,379374,415041,53.63148,-2.31338
E01005023,Bury 002B,378541,414532,53.62688,-2.32594
E01005020,Bury 003A,379103,415661,53.63705,-2.31753
E01005021,Bury 001F,378104,415755,53.63785,-2.33264
E01005028,Bury 011C,381072,409803,53.58447,-2.28738
E01005029,Bury 011D,380683,409765,53.58411,-2.29325
E01005046,Bury 002C,378075,414462,53.62622,-2.33299
E01005007,Bury 019D,380442,406837,53.55779,-2.29671
E01005008,Bury 016D,378208,407238,53.5613,-2.33047
E01005009,Bury 016E,378750,407039,53.55953,-2.32227
E01004976,Bury 004A,380540,412659,53.61012,-2.29559
E01004977,Bury 004B,380838,412711,53.61059,-2.2911
E01004978,Bury 004C,380704,412127,53.60534,-2.29309
E01004979,Bury 008C,380766,411687,53.6014,-2.29212
E01005054,Bury 013B,381124,408169,53.56978,-2.2865
E01005055,Bury 017B,380992,407262,53.56163,-2.28843
E01005050,Bury 006C,378113,412370,53.60742,-2.33225
E01005058,Bury 017E,381228,406855,53.55797,-2.28485
E01004997,Bury 014A,378081,407792,53.56628,-2.33242
E01004996,Bury 016B,377784,407496,53.56361,-2.33688
E01004994,Bury 015D,378978,407559,53.56422,-2.31885
E01004993,Bury 015C,379886,408043,53.5686,-2.30518
E01004992,Bury 015B,379370,407974,53.56796,-2.31297
E01004999,Bury 014C,377911,408488,53.57253,-2.33504
E01005030,Bury 013A,380035,409132,53.5784,-2.303
E01004966,Bury 005C,379087,412569,53.60925,-2.31756
E01004967,Bury 005D,379779,412285,53.60673,-2.30708
E01004964,Bury 009D,379412,411330,53.59813,-2.31255
E01004965,Bury 005B,379235,413048,53.61357,-2.31535
E01004962,Bury 009C,379049,411583,53.60039,-2.31806
E01004963,Bury 006A,378648,411477,53.59942,-2.32411
E01004961,Bury 005A,379815,411724,53.60169,-2.30649
E01004968,Bury 006B,378920,412097,53.60501,-2.32005
E01004947,Bury 009A,379141,410691,53.59237,-2.31662
E01004942,Bury 021B,381069,405779,53.5483,-2.28718
E01004943,Bury 021C,381241,405358,53.54452,-2.28456
E01004949,Bury 010A,378145,410558,53.59114,-2.33164
E01004987,Bury 020C,380812,406710,53.55665,-2.29113
E01004986,Bury 020B,380709,405434,53.54518,-2.29259
E01004982,Bury 004E,380738,413557,53.6182,-2.29266
E01004981,Bury 004D,380569,413888,53.62117,-2.29524
E01004980,Bury 008D,380980,411731,53.6018,-2.2889
E01004989,Bury 019C,380198,406057,53.55076,-2.30035
E01005016,Bury 001C,378830,416728,53.64663,-2.32172
E01005017,Bury 001D,379045,416087,53.64087,-2.31843
E01005014,Bury 001A,379085,417085,53.64984,-2.3179
E01005015,Bury 001B,379763,417133,53.6503,-2.30763
E01005012,Bury 018C,379229,406245,53.55241,-2.31498
E01005013,Bury 018D,378729,406325,53.55312,-2.32253
E01005010,Bury 018B,378054,405920,53.54945,-2.3327
E01005011,Bury 019E,379967,406456,53.55434,-2.30386
E01005018,Bury 001E,378560,416259,53.64239,-2.32577
E01005019,Bury 002A,378287,415255,53.63336,-2.32983
E01005693,Salford 009D,376724,402488,53.51854,-2.35252
E01005692,Salford 006D,377765,402715,53.52063,-2.33683
E01005691,Salford 006C,376617,402707,53.5205,-2.35413
E01005060,Bury 013D,380599,408391,53.57176,-2.29443
E01005672,Salford 005B,377855,401828,53.51266,-2.3354
E01005059,Bury 013C,380872,409240,53.5794,-2.29036
E01004991,Bury 015A,379288,408294,53.57084,-2.31423
E01004948,Bury 009B,379014,410346,53.58927,-2.31851
E01004988,Bury 020D,380874,406300,53.55297,-2.29015
E01005687,Salford 009A,376738,401720,53.51164,-2.35225
E01005737,Salford 013F,373239,400919,53.50428,-2.40493
E01005733,Salford 019E,375292,399790,53.49526,-2.37678
E01005730,Salford 025B,375649,398297,53.48082,-2.36839
E01005738,Salford 014C,374943,400130,53.49727,-2.37918
E01005717,Salford 013B,373325,401641,53.51077,-2.4037
E01005714,Salford 007D,374491,402323,53.51696,-2.38618
E01005715,Salford 007E,373813,402020,53.5142,-2.39638
E01005712,Salford 007B,373883,402738,53.52066,-2.39537
E01005713,Salford 007C,373109,402091,53.5148,-2.40699
E01005710,Salford 004D,372667,402908,53.52212,-2.41373
E01005711,Salford 007A,374621,402835,53.52157,-2.38426
E01005718,Salford 007F,373384,402930,53.52236,-2.40292
E01005719,Salford 021C,378523,398873,53.48613,-2.32514
E01005674,Salford 012B,378566,401386,53.50872,-2.32466
E01005671,Salford 012A,378216,401710,53.51161,-2.32995
E01005627,Salford 015B,378705,399953,53.49584,-2.32247
E01005625,Salford 015A,378597,400432,53.50015,-2.32412
E01005599,Salford 026A,377189,398394,53.48177,-2.3452
E01005726,Salford 019B,375510,399386,53.49061,-2.37057
E01005727,Salford 019C,376075,399446,53.49168,-2.36052
E01005724,Salford 021G,378505,399495,53.49172,-2.32544
E01005725,Salford 019A,375831,399708,53.49352,-2.36577
E01005728,Salford 019D,375933,399022,53.48736,-2.36418
E01005742,Salford 014F,376328,401130,53.50632,-2.35839
E01005740,Salford 014D,375071,401711,53.51148,-2.37738
E01005741,Salford 014E,375800,401014,53.50525,-2.36633
E01005636,Salford 020F,377333,399344,53.49031,-2.3431
E01005637,Salford 020G,376618,399373,53.49055,-2.35388
E01005634,Salford 020D,376981,399720,53.49218,-2.35382
E01005635,Salford 020E,377996,399260,53.48959,-2.33311
E01005632,Salford 020B,377137,398832,53.48571,-2.34601
E01005633,Salford 020C,378168,399805,53.49449,-2.33054
E01005631,Salford 020A,377784,398864,53.48602,-2.33627
E01005638,Salford 027D,376580,398616,53.48374,-2.3544
E01005729,Salford 025A,375977,398450,53.48222,-2.36346
E01005697,Salford 014B,376789,400913,53.50439,-2.35142
E01005696,Salford 012D,377146,400614,53.50172,-2.34602
E01005695,Salford 014A,376601,400526,53.50091,-2.35422
E01005694,Salford 012C,377667,400695,53.50247,-2.33816
E01005690,Salford 009C,377258,401342,53.50826,-2.34438
E01005698,Salford 012E,377985,401080,53.50594,-2.33339
E01005701,Salford 015D,378657,400926,53.50459,-2.32326
E01005700,Salford 012F,377605,401128,53.50636,-2.33913
