wz,jobs,lat,lon
E33002268,2201,53.57855178,-2.53441843
E33002269,1037,53.57730463,-2.52640777
E33002270,267,53.55709363,-2.53578413
E33002271,490,53.55852240,-2.53515592
E33002272,1933,53.55599827,-2.53366432
E33002273,337,53.58321908,-2.37817988
E33002274,273,53.56701780,-2.42941884
E33002275,470,53.56799895,-2.42606856
E33002276,695,53.56934815,-2.41571926
E33002277,1873,53.56293677,-2.41187475
E33002278,206,53.57746442,-2.42685649
E33002279,365,53.57928496,-2.42756186
E33002280,571,53.57846483,-2.42533689
E33002281,268,53.57735143,-2.42887550
E33002282,212,53.57830300,-2.42435693
E33002283,303,53.57740562,-2.42822832
E33002284,213,53.57862990,-2.42601105
E33002285,232,53.57728946,-2.42528834
E33002286,453,53.57850164,-2.42835043
E33002287,316,53.57941830,-2.42567282
E33002288,543,53.57952131,-2.42922919
E33002289,552,53.58134497,-2.43860092
E33002290,389,53.58312708,-2.42203127
E33002291,265,53.58028946,-2.42108751
E33002292,706,53.58672518,-2.42493747
E33002293,353,53.57984597,-2.42488334
E33002294,434,53.58146472,-2.41802520
E33002295,236,53.58576930,-2.42150362
E33002296,332,53.58852027,-2.42543645
E33002297,300,53.57996143,-2.42583401
E33002298,249,53.58533382,-2.41810230
E33002299,859,53.59155530,-2.42656786
E33002300,375,53.58347838,-2.42785025
E33002301,676,53.58169956,-2.43003512
E33002302,312,53.58024026,-2.43038324
E33002303,229,53.58196156,-2.42816416
E33002304,283,53.58019336,-2.42806259
E33002305,673,53.55045514,-2.45361965
E33002306,218,53.54739718,-2.45216242
E33002307,237,53.57169868,-2.43635477
E33002308,1013,53.57354198,-2.43623761
E33002309,956,53.57461113,-2.43706803
E33002310,448,53.57496580,-2.42912900
E33002311,324,53.57452220,-2.42785325
E33002312,264,53.54980099,-2.39504085
E33002313,492,53.54777044,-2.39702154
E33002314,239,53.54744690,-2.39878989
E33002315,522,53.58221376,-2.44328546
E33002316,641,53.57962940,-2.45449113
E33002317,4985,53.55444676,-2.43018026
E33002318,211,53.59925842,-2.54564404
E33002319,275,53.59797239,-2.54850270
E33002320,297,53.60035796,-2.54706107
E33002321,633,53.53972852,-2.39446688
E33002322,214,53.53577933,-2.36179408
E33002323,428,53.53863511,-2.39274024
E33002324,214,53.54916274,-2.52423238
E33002325,438,53.54828456,-2.52307054
E33002326,331,53.59266022,-2.31019585
E33002327,509,53.58988809,-2.31226150
E33002328,216,53.59376081,-2.30972172
E33002329,304,53.59365469,-2.26786718
E33002330,253,53.60074951,-2.32684744
E33002331,399,53.59805303,-2.29434320
E33002332,2811,53.59974205,-2.29876703
E33002333,252,53.60098292,-2.29435723
E33002334,409,53.59605007,-2.30227529
E33002335,345,53.55095764,-2.29607727
E33002336,546,53.55281629,-2.29628787
E33002337,573,53.54835166,-2.29419641
E33002338,310,53.55877082,-2.32547417
E33002339,628,53.64704333,-2.31598350
E33002340,479,53.59013703,-2.29646417
E33002341,359,53.59038669,-2.29829907
E33002342,407,53.58986877,-2.29874943
E33002343,572,53.58610224,-2.29755987
E33002344,480,53.59545411,-2.29265253
E33002345,204,53.59289979,-2.28640946
E33002346,525,53.59558508,-2.28858801
E33002347,340,53.59380457,-2.28908806
E33002348,363,53.58991640,-2.28949449
E33002349,288,53.59182222,-2.28870204
E33002350,333,53.59465657,-2.29483507
E33002351,383,53.59036887,-2.29404328
E33002352,297,53.59168519,-2.29526411
E33002353,394,53.59406795,-2.29595152
E33002354,869,53.59255968,-2.29529190
E33002355,305,53.59293067,-2.29692531
E33002356,275,53.59382106,-2.29823444
E33002357,274,53.59451295,-2.29172867
E33002358,226,53.59287944,-2.29262553
E33002359,299,53.59518787,-2.29085682
E33002360,1240,53.59020256,-2.29999035
E33002361,498,53.59257894,-2.29859046
E33002362,320,53.59153347,-2.30031019
E33002363,276,53.59304902,-2.30546497
E33002364,259,53.59402143,-2.30106164
E33002365,234,53.59251398,-2.30014051
E33002366,205,53.59263233,-2.30346016
E33002367,276,53.59137240,-2.29879709
E33002368,294,53.59308225,-2.29865852
E33002369,426,53.58911743,-2.30648575
E33002370,1941,53.53678147,-2.29145650
E33002371,292,53.53447054,-2.28711290
E33002372,560,53.53305012,-2.28437818
E33002373,331,53.57285220,-2.29874984
E33002374,1176,53.57255056,-2.30043762
E33002375,573,53.57454068,-2.28010519
E33002376,1051,53.57391386,-2.27892744
E33002377,245,53.57101895,-2.26836709
E33002378,187,53.57516652,-2.28202598
E33002379,731,53.57617811,-2.27514115
E33002380,1666,53.47076644,-2.21426822
E33002381,933,53.46955981,-2.21454191
E33002382,228,53.47038798,-2.20173353
E33002383,192,53.47355695,-2.21464248
E33002384,343,53.47243406,-2.22552257
E33002385,437,53.47286724,-2.22086643
E33002386,320,53.47157650,-2.22203041
E33002387,363,53.47047931,-2.21706412
E33002388,363,53.47330049,-2.22869249
E33002389,155,53.46962196,-2.22002244
E33002390,292,53.46984550,-2.22426375
E33002391,274,53.39144528,-2.29349323
E33002392,595,53.38717258,-2.29717513
E33002393,615,53.38995981,-2.29795315
E33002394,222,53.39326043,-2.29576025
E33002395,429,53.39175147,-2.29189423
E33002396,359,53.39671741,-2.29400480
E33002397,398,53.39698820,-2.29784521
E33002398,5790,53.38886194,-2.29318945
E33002399,505,53.39055033,-2.29149989
E33002400,934,53.42701361,-2.25122328
E33002401,421,53.42491859,-2.24947480
E33002402,1076,53.48362183,-2.18855905
E33002403,343,53.48469910,-2.21060955
E33002404,403,53.48024936,-2.16818548
E33002405,769,53.48462246,-2.20269488
E33002406,364,53.47627001,-2.19512544
E33002407,515,53.47818251,-2.18537106
E33002408,307,53.47399872,-2.17458316
E33002409,521,53.47220020,-2.18155766
E33002410,298,53.47351517,-2.19767285
E33002411,854,53.47186831,-2.18762406
E33002412,389,53.47367235,-2.20065120
E33002413,208,53.47404864,-2.18410331
E33002414,513,53.46978848,-2.17618718
E33002415,467,53.47156841,-2.17676213
E33002416,767,53.43562325,-2.26487990
E33002417,477,53.44487106,-2.27846285
E33002418,235,53.44316674,-2.27614904
E33002419,252,53.44172318,-2.27680692
E33002420,671,53.44278972,-2.27886535
E33002421,276,53.44261817,-2.27637632
E33002422,3376,53.51791436,-2.22948191
E33002423,562,53.51455598,-2.24646354
E33002424,640,53.41696507,-2.23200617
E33002425,238,53.41790796,-2.23125435
E33002426,209,53.41614089,-2.23118275
E33002427,564,53.41154759,-2.22910969
E33002428,344,53.41100459,-2.22420063
E33002429,556,53.40806358,-2.22776644
E33002430,306,53.40980018,-2.22740393
E33002431,462,53.40774150,-2.22731579
E33002432,646,53.40924748,-2.22635085
E33002433,831,53.40802207,-2.22043825
E33002434,447,53.44580427,-2.21968527
E33002435,375,53.46209580,-2.17328376
E33002436,672,53.51279804,-2.21229563
E33002437,1196,53.50256510,-2.20246224
E33002438,358,53.51192852,-2.20185947
E33002439,413,53.46156839,-2.19979292
E33002440,472,53.45950316,-2.19621637
E33002441,289,53.45584300,-2.19942871
E33002442,358,53.45749081,-2.19946240
E33002443,307,53.45777363,-2.20114837
E33002444,257,53.45690320,-2.20078876
E33002445,244,53.50386690,-2.17931469
E33002446,394,53.50125801,-2.18065411
E33002447,347,53.50511521,-2.18477801
E33002448,205,53.49465079,-2.20756641
E33002449,293,53.49641956,-2.20104476
E33002450,549,53.49408001,-2.20181273
E33002451,177,53.49871440,-2.19938542
E33002452,631,53.49807099,-2.20227530
E33002453,372,53.49287596,-2.20491373
E33002454,420,53.40160820,-2.25381617
E33002455,643,53.40085809,-2.25609680
E33002456,292,53.40074900,-2.25157541
E33002457,556,53.39857773,-2.26621807
E33002458,2654,53.42978028,-2.23004859
E33002459,227,53.45406310,-2.22436524
E33002460,233,53.45465120,-2.22615005
E33002461,381,53.45551237,-2.22233300
E33002462,983,53.36745321,-2.26517843
E33002463,574,53.36409346,-2.23968827
E33002464,951,53.36494957,-2.24024644
E33002465,296,53.36240059,-2.28922295
E33002466,2906,53.35915408,-2.28195516
E33002467,6444,53.36191146,-2.27083726
E33002468,375,53.36529238,-2.27415087
E33002469,1372,53.36141326,-2.27329955
E33002470,453,53.36406079,-2.29080505
E33002471,310,53.36242685,-2.27319516
E33002472,1001,53.36706871,-2.27994848
E33002473,410,53.36199651,-2.29163617
E33002474,240,53.34911171,-2.27774195
E33002475,574,53.36203004,-2.28560425
E33002476,451,53.36025709,-2.28778134
E33002477,810,53.36511059,-2.27334048
E33002478,244,53.54439644,-2.13997333
E33002479,381,53.54182732,-2.14066030
E33002480,490,53.54164278,-2.13784179
E33002481,235,53.54055027,-2.17225490
E33002482,250,53.53624385,-2.15635492
E33002483,406,53.52893241,-2.17321355
E33002484,700,53.53449376,-2.17385986
E33002485,233,53.53441800,-2.16691943
E33002486,955,53.53425313,-2.17859332
E33002487,216,53.53281297,-2.15423541
E33002488,735,53.53024898,-2.15850966
E33002489,429,53.54547494,-2.14203936
E33002490,468,53.54640415,-2.13975293
E33002491,1176,53.53219028,-2.16579957
E33002492,122,53.53210121,-2.16901751
E33002493,515,53.52014334,-2.15251686
E33002494,751,53.52085602,-2.15007294
E33002495,338,53.54216433,-2.11453571
E33002496,372,53.54304425,-2.11395927
E33002497,869,53.54235803,-2.11721814
E33002498,350,53.54269505,-2.11566014
E33002499,517,53.54376593,-2.11685743
E33002500,1766,53.54265926,-2.11995710
E33002501,396,53.54149923,-2.13210185
E33002502,3111,53.55328100,-2.12182761
E33002503,559,53.54816729,-2.13014327
E33002504,251,53.54909695,-2.12674469
E33002505,220,53.54726554,-2.13103197
E33002506,279,53.51312361,-2.15514400
E33002507,387,53.51121699,-2.15661147
E33002508,327,53.50475989,-2.17497706
E33002509,453,53.50817476,-2.15995247
E33002510,697,53.51973012,-2.14519195
E33002511,291,53.51442431,-2.13801839
E33002512,233,53.53967011,-2.07175166
E33002513,315,53.56242583,-2.12033847
E33002514,922,53.56042682,-2.10533838
E33002515,608,53.55936426,-2.10174759
E33002516,434,53.56467055,-2.02021002
E33002517,380,53.54700003,-2.09066571
E33002518,791,53.54393196,-2.10306809
E33002519,440,53.54540469,-2.10075469
E33002520,279,53.54289458,-2.10453042
E33002521,342,53.54281904,-2.11051960
E33002522,231,53.54225891,-2.10702455
E33002523,242,53.54308108,-2.10823904
E33002524,301,53.54133347,-2.10709508
E33002525,211,53.54246647,-2.11208940
E33002526,239,53.53774002,-2.09506879
E33002527,465,53.54009855,-2.09446848
E33002528,500,53.54332789,-2.09312547
E33002529,151,53.54330308,-2.09573691
E33002530,293,53.54432892,-2.09426852
E33002531,212,53.54093838,-2.09089004
E33002532,830,53.54149675,-2.09986167
E33002533,462,53.52164887,-2.11170710
E33002534,567,53.54059786,-2.11635484
E33002535,251,53.53840421,-2.11450409
E33002536,588,53.53966530,-2.11182857
E33002537,693,53.54117918,-2.11515273
E33002538,656,53.53994688,-2.11267617
E33002539,165,53.54154017,-2.11587008
E33002540,532,53.53940946,-2.11388719
E33002541,247,53.54008065,-2.11425929
E33002542,385,53.54166144,-2.10956664
E33002543,477,53.54175711,-2.11369607
E33002544,666,53.57543076,-2.09285301
E33002545,996,53.57657126,-2.08717871
E33002546,948,53.60269395,-2.16361600
E33002547,423,53.59399290,-2.17775955
E33002548,948,53.59750666,-2.17163371
E33002549,295,53.61241077,-2.15572730
E33002550,686,53.61759486,-2.15582455
E33002551,347,53.61164875,-2.15423059
E33002552,211,53.61575456,-2.15072281
E33002553,235,53.61426585,-2.14904891
E33002554,226,53.61583050,-2.15439060
E33002555,301,53.61450639,-2.15218871
E33002556,289,53.61336532,-2.15083645
E33002557,229,53.61389206,-2.15431341
E33002558,270,53.61676343,-2.15732854
E33002559,254,53.61638989,-2.15681376
E33002560,253,53.61196341,-2.15950650
E33002561,243,53.61957953,-2.15965439
E33002562,238,53.62187547,-2.15611915
E33002563,462,53.61851751,-2.15563880
E33002564,428,53.61810547,-2.15533943
E33002565,227,53.61961845,-2.15451422
E33002566,301,53.61803851,-2.15758027
E33002567,503,53.61724257,-2.15878295
E33002568,567,53.61765118,-2.15897212
E33002569,818,53.61569374,-2.16589721
E33002570,429,53.61173805,-2.16308188
E33002571,524,53.61572052,-2.15892297
E33002572,253,53.61539908,-2.15547985
E33002573,730,53.61659475,-2.15931821
E33002574,374,53.61386325,-2.16523322
E33002575,366,53.61597303,-2.16132624
E33002576,419,53.59512991,-2.22384703
E33002577,398,53.59390042,-2.22243140
E33002578,436,53.58676806,-2.20334950
E33002579,260,53.58943089,-2.20744781
E33002580,467,53.58779835,-2.20872500
E33002581,767,53.58936195,-2.20434990
E33002582,1092,53.58353322,-2.23154991
E33002583,271,53.58649488,-2.22246828
E33002584,767,53.57712140,-2.22158655
E33002585,407,53.58067206,-2.24736484
E33002586,1476,53.58134543,-2.23892109
E33002587,106,53.59039700,-2.26573247
E33002588,307,53.59131894,-2.26160596
E33002589,1126,53.58925684,-2.27493319
E33002590,351,53.57059778,-2.16951092
E33002591,254,53.57042491,-2.17191066
E33002592,1332,53.56813067,-2.16967152
E33002593,259,53.54811975,-2.19627487
E33002594,404,53.54840403,-2.19562855
E33002595,268,53.54974100,-2.19845815
E33002596,208,53.54979875,-2.19493278
E33002597,306,53.55072497,-2.19238564
E33002598,841,53.54827907,-2.20103573
E33002599,317,53.55947349,-2.23144772
E33002600,224,53.60883060,-2.10878012
E33002601,427,53.60890567,-2.11103369
E33002602,416,53.60891339,-2.14520169
E33002603,392,53.60888392,-2.13979569
E33002604,704,53.61124704,-2.14680736
E33002605,339,53.62295108,-2.15151780
E33002606,307,53.62386941,-2.15491881
E33002607,406,53.61724213,-2.18549562
E33002608,548,53.48250383,-2.33509263
E33002609,312,53.48123007,-2.28043174
E33002610,1976,53.48357371,-2.27066503
E33002611,213,53.48069692,-2.27611030
E33002612,298,53.48060743,-2.27088289
E33002613,383,53.49524730,-2.25586544
E33002614,198,53.49055381,-2.27709639
E33002615,587,53.42840003,-2.43011317
E33002616,219,53.42567707,-2.43778261
E33002617,723,53.43567814,-2.42201290
E33002618,534,53.43232888,-2.42416047
E33002619,620,53.43781713,-2.42325730
E33002620,293,53.43842042,-2.42736690
E33002621,442,53.44003350,-2.41807192
E33002622,720,53.43081600,-2.43113318
E33002623,396,53.48394498,-2.33662239
E33002624,259,53.48432054,-2.33914108
E33002625,238,53.53004625,-2.42314334
E33002626,435,53.47697717,-2.26805279
E33002627,299,53.51343895,-2.32461279
E33002628,345,53.51254276,-2.33838291
E33002629,426,53.51338240,-2.33345869
E33002630,208,53.51371922,-2.32762748
E33002631,402,53.51369465,-2.33507899
E33002632,207,53.50452752,-2.29350912
E33002633,565,53.50655258,-2.29891511
E33002634,614,53.50873926,-2.30055504
E33002635,1332,53.49063406,-2.28838503
E33002636,465,53.48894554,-2.28672136
E33002637,339,53.48880092,-2.28780676
E33002638,269,53.49522721,-2.27859374
E33002639,288,53.49326911,-2.28465989
E33002640,241,53.49490767,-2.28545925
E33002641,775,53.51362089,-2.36066721
E33002642,464,53.51335774,-2.35528776
E33002643,1001,53.51576943,-2.35979170
E33002644,443,53.51398929,-2.34302316
E33002645,502,53.51019475,-2.33876148
E33002646,1694,53.51108308,-2.33970478
E33002647,247,53.52424385,-2.40003710
E33002648,327,53.52669747,-2.38672068
E33002649,678,53.47938342,-2.30680819
E33002650,914,53.48163198,-2.32709820
E33002651,604,53.43398705,-2.12107867
E33002652,709,53.43151697,-2.12502051
E33002653,246,53.42529588,-2.11994884
E33002654,351,53.43077373,-2.11822091
E33002655,573,53.43109397,-2.12335890
E33002656,609,53.42933551,-2.12049129
E33002657,225,53.41301087,-2.14455666
E33002658,289,53.41018593,-2.15510869
E33002659,552,53.41221588,-2.15913602
E33002660,519,53.40861431,-2.16129596
E33002661,241,53.40987057,-2.16147223
E33002662,373,53.41040787,-2.16036004
E33002663,336,53.40911218,-2.15665254
E33002664,370,53.40967368,-2.15900814
E33002665,437,53.40998000,-2.15763813
E33002666,826,53.41258869,-2.15650353
E33002667,405,53.41108939,-2.16098014
E33002668,689,53.40714987,-2.15540991
E33002669,599,53.41365721,-2.15129718
E33002670,236,53.41074432,-2.15819834
E33002671,198,53.41162315,-2.15780678
E33002672,337,53.40855343,-2.15920247
E33002673,265,53.41127335,-2.15947664
E33002674,204,53.40733204,-2.15456368
E33002675,3235,53.40600769,-2.15848443
E33002676,348,53.40980291,-2.15181467
E33002677,451,53.40461703,-2.15791841
E33002678,488,53.40371307,-2.16063404
E33002679,673,53.39544584,-2.18467161
E33002680,205,53.39476301,-2.21624362
E33002681,354,53.39440456,-2.21321231
E33002682,1213,53.39729549,-2.21581864
E33002683,309,53.39314709,-2.21775811
E33002684,378,53.39197171,-2.23633249
E33002685,271,53.39315572,-2.21692084
E33002686,1364,53.39710276,-2.20335086
E33002687,730,53.39481065,-2.18585726
E33002688,545,53.37697340,-2.18916632
E33002689,1437,53.37558383,-2.21497973
E33002690,443,53.37723671,-2.19010780
E33002691,772,53.39195413,-2.18630590
E33002692,277,53.39349077,-2.18608927
E33002693,229,53.35773131,-2.20372080
E33002694,784,53.35542577,-2.20264633
E33002695,300,53.37502105,-2.18685348
E33002696,392,53.37445468,-2.18841278
E33002697,245,53.37449286,-2.18625775
E33002698,4094,53.38382156,-2.13201710
E33002699,1385,53.37828275,-2.14113456
E33002700,376,53.40694077,-2.16090380
E33002701,588,53.40544939,-2.15913158
E33002702,368,53.40379033,-2.16394441
E33002703,388,53.40757413,-2.16808851
E33002704,707,53.40804922,-2.16239732
E33002705,310,53.40817149,-2.17234095
E33002706,975,53.40785018,-2.16560695
E33002707,493,53.38356692,-2.12588711
E33002708,220,53.38226842,-2.12424711
E33002709,263,53.38003708,-2.12106639
E33002710,217,53.37867328,-2.13235108
E33002711,769,53.37878864,-2.12962550
E33002712,494,53.37497142,-2.22148495
E33002713,538,53.38040140,-2.22062563
E33002714,528,53.37748875,-2.22220592
E33002715,570,53.38075031,-2.22375825
E33002716,258,53.37843330,-2.21933943
E33002717,442,53.37608002,-2.22583109
E33002718,361,53.40794646,-2.20603276
E33002719,727,53.40681655,-2.20266332
E33002720,718,53.41109233,-2.17173009
E33002721,268,53.40945252,-2.17954517
E33002722,464,53.41195523,-2.17558771
E33002723,218,53.41075444,-2.17422074
E33002724,1321,53.40807806,-2.17545439
E33002725,557,53.43414141,-2.18849462
E33002726,1067,53.43491412,-2.18471187
E33002727,329,53.42348331,-2.18413749
E33002728,791,53.40831960,-2.15128924
E33002729,546,53.40037037,-2.15477668
E33002730,437,53.39979024,-2.15114327
E33002731,293,53.39813695,-2.05720403
E33002732,435,53.39577901,-2.06274191
E33002733,278,53.41932984,-2.17043355
E33002734,345,53.41178696,-2.16549528
E33002735,934,53.40955336,-2.16410966
E33002736,539,53.41259681,-2.16599724
E33002737,252,53.41195643,-2.16110423
E33002738,266,53.42547404,-2.16192185
E33002739,424,53.42755409,-2.16420457
E33002740,250,53.42614655,-2.16449601
E33002741,221,53.35691799,-2.16595804
E33002742,235,53.35640784,-2.16549987
E33002743,288,53.35785245,-2.16599789
E33002744,223,53.35942060,-2.16719670
E33002745,377,53.50700426,-2.07634727
E33002746,755,53.48797132,-2.08077418
E33002747,805,53.48630237,-2.08775057
E33002748,712,53.49072493,-2.10127384
E33002749,621,53.48503569,-2.09510501
E33002750,1751,53.48082659,-2.12176996
E33002751,227,53.47692438,-2.10970102
E33002752,338,53.47561385,-2.11132063
E33002753,202,53.48784825,-2.09507898
E33002754,424,53.48938024,-2.09656778
E33002755,306,53.48852883,-2.09544331
E33002756,279,53.48692862,-2.09355293
E33002757,388,53.48855757,-2.09428740
E33002758,162,53.48790614,-2.08975442
E33002759,218,53.48878398,-2.09345358
E33002760,304,53.48872464,-2.09072119
E33002761,354,53.48939179,-2.08915956
E33002762,295,53.48785304,-2.09260013
E33002763,407,53.48922726,-2.09245243
E33002764,632,53.49006450,-2.10209977
E33002765,215,53.48726223,-2.09647200
E33002766,803,53.48577094,-2.09998494
E33002767,306,53.48859357,-2.09870827
E33002768,809,53.47323709,-2.11272845
E33002769,771,53.45926143,-2.11836043
E33002770,419,53.45638461,-2.11571956
E33002771,172,53.45594098,-2.11427153
E33002772,212,53.45446349,-2.11342874
E33002773,421,53.45509043,-2.11238068
E33002774,1043,53.45106554,-2.13438657
E33002775,319,53.45507012,-2.12637829
E33002776,214,53.45258601,-2.12867842
E33002777,303,53.45403014,-2.12655377
E33002778,321,53.45512552,-2.12893498
E33002779,496,53.45478955,-2.13262152
E33002780,214,53.47987855,-2.14603349
E33002781,484,53.47439275,-2.09686896
E33002782,276,53.47199563,-2.10106842
E33002783,211,53.46956361,-2.09684329
E33002784,428,53.47003873,-2.10273016
E33002785,836,53.46674500,-2.09431589
E33002786,614,53.48434566,-2.09155369
E33002787,622,53.48300644,-2.07225063
E33002788,218,53.45200689,-2.07823016
E33002789,268,53.45196684,-2.07985827
E33002790,280,53.45247343,-2.07878984
E33002791,376,53.45110381,-2.07795728
E33002792,428,53.46155862,-2.08885993
E33002793,254,53.46216927,-2.09132406
E33002794,219,53.45424413,-2.09144657
E33002795,784,53.45181838,-2.08199542
E33002796,242,53.46311006,-1.99657237
E33002797,251,53.39595791,-2.35188745
E33002798,202,53.38766971,-2.34838221
E33002799,367,53.38806038,-2.35019024
E33002800,315,53.38656339,-2.35300646
E33002801,224,53.38638115,-2.34962791
E33002802,259,53.38468701,-2.35233584
E33002803,255,53.38547999,-2.35037695
E33002804,264,53.38668573,-2.35214415
E33002805,275,53.38643829,-2.35076797
E33002806,272,53.38843731,-2.35124450
E33002807,420,53.38785903,-2.34927449
E33002808,839,53.38904121,-2.34722191
E33002809,272,53.38829411,-2.35722879
E33002810,405,53.38949452,-2.34926217
E33002811,201,53.38307104,-2.35198610
E33002812,426,53.38374428,-2.35259516
E33002813,333,53.38397142,-2.35054579
E33002814,688,53.39615187,-2.37391437
E33002815,820,53.39032244,-2.34752522
E33002816,216,53.37778266,-2.34714368
E33002817,838,53.37764761,-2.34636898
E33002818,270,53.37856704,-2.34904356
E33002819,438,53.37700803,-2.34600322
E33002820,203,53.39881749,-2.36081651
E33002821,398,53.39794227,-2.36762913
E33002822,514,53.39737053,-2.35985554
E33002823,1000,53.39771037,-2.36422903
E33002824,247,53.39861973,-2.35723369
E33002825,250,53.40002572,-2.36779770
E33002826,272,53.39646483,-2.36383451
E33002827,665,53.39984534,-2.35576651
E33002828,837,53.40576660,-2.34887072
E33002829,206,53.43163424,-2.39349423
E33002830,385,53.42681612,-2.38111143
E33002831,615,53.43061016,-2.40015495
E33002832,341,53.43024779,-2.39744807
E33002833,728,53.46615454,-2.33608783
E33002834,430,53.46363358,-2.33824132
E33002835,390,53.46737648,-2.33029432
E33002836,9547,53.46621235,-2.34900205
E33002837,906,53.46858936,-2.35560302
E33002838,1001,53.47259183,-2.32247994
E33002839,886,53.47148228,-2.31336912
E33002840,655,53.46792783,-2.36144491
E33002841,257,53.46807346,-2.31925157
E33002842,262,53.47278951,-2.31202358
E33002843,524,53.47246186,-2.32799373
E33002844,415,53.47534916,-2.33483864
E33002845,516,53.47264228,-2.34860634
E33002846,1667,53.47606557,-2.31775998
E33002847,308,53.46808034,-2.31279992
E33002848,383,53.47457672,-2.33017947
E33002849,464,53.47238985,-2.34313119
E33002850,697,53.46678678,-2.34231293
E33002851,619,53.47341663,-2.33770500
E33002852,458,53.47688489,-2.32873796
E33002853,1851,53.47010674,-2.33277711
E33002854,2086,53.45408966,-2.37067913
E33002855,298,53.44971732,-2.37109439
E33002856,362,53.36931591,-2.31455475
E33002857,1825,53.45725799,-2.28736645
E33002858,467,53.45968466,-2.27632604
E33002859,992,53.45948506,-2.28274094
E33002860,259,53.45999793,-2.27704845
E33002861,287,53.43241778,-2.31963618
E33002862,230,53.42524647,-2.32694495
E33002863,416,53.42587460,-2.32862671
E33002864,267,53.42407392,-2.32788991
E33002865,729,53.46169338,-2.32843993
E33002866,335,53.46693739,-2.32334529
E33002867,378,53.46593177,-2.32782485
E33002868,200,53.46453817,-2.30732325
E33002869,438,53.46599569,-2.29302767
E33002870,356,53.46472866,-2.31069014
E33002871,346,53.46638746,-2.29095599
E33002872,603,53.46762972,-2.30408488
E33002873,314,53.46466025,-2.30969927
E33002874,552,53.47024938,-2.30884951
E33002875,332,53.46882860,-2.29650318
E33002876,570,53.46015024,-2.32084743
E33002877,466,53.46188728,-2.32601285
E33002878,477,53.46011528,-2.30825332
E33002879,555,53.46112640,-2.31305998
E33002880,290,53.46594599,-2.31663789
E33002881,880,53.46239013,-2.31783157
E33002882,293,53.46606051,-2.31024092
E33002883,1213,53.46467802,-2.32417795
E33002884,740,53.45722212,-2.31701842
E33002885,271,53.46567277,-2.30103380
E33002886,267,53.46618299,-2.30883030
E33002887,373,53.46593732,-2.30557148
E33002888,245,53.42375275,-2.32334071
E33002889,255,53.42456560,-2.32235365
E33002890,209,53.42021007,-2.33088891
E33002891,589,53.42995385,-2.31222300
E33002892,559,53.43190221,-2.31741037
E33002893,467,53.42508807,-2.32349029
E33002894,213,53.42541231,-2.32067684
E33002895,733,53.42514438,-2.31999925
E33002896,294,53.42601647,-2.32341547
E33002897,519,53.42354673,-2.29397369
E33002898,291,53.44652541,-2.30696003
E33002899,1130,53.44524530,-2.31078931
E33002900,386,53.46836055,-2.26855544
E33002901,515,53.46646208,-2.26701341
E33002902,1718,53.46259377,-2.29103063
E33002903,317,53.46151442,-2.28633400
E33002904,354,53.46492386,-2.27444236
E33002905,764,53.46431840,-2.27551300
E33002906,3976,53.46245016,-2.27989697
E33002907,838,53.45925407,-2.28550152
E33002908,1762,53.45903310,-2.28748339
E33002909,1337,53.46021907,-2.28360646
E33002910,657,53.44765129,-2.35232009
E33002911,596,53.44982601,-2.35412998
E33002912,289,53.45049375,-2.36091473
E33002913,654,53.48670318,-2.63785040
E33002914,370,53.48222422,-2.64008925
E33002915,859,53.59399132,-2.64978118
E33002916,937,53.50374045,-2.43692738
E33002917,238,53.48676284,-2.45110262
E33002918,1369,53.49944760,-2.63832187
E33002919,1101,53.49918051,-2.63386165
E33002920,396,53.53673740,-2.59035391
E33002921,460,53.53621548,-2.57743450
E33002922,463,53.53529125,-2.57958926
E33002923,1055,53.49955302,-2.52779648
E33002924,542,53.49137988,-2.50428793
E33002925,316,53.48246625,-2.50324845
E33002926,1155,53.48423346,-2.50526912
E33002927,735,53.53716848,-2.62894904
E33002928,1283,53.54189120,-2.60253755
E33002929,231,53.49711416,-2.51750123
E33002930,412,53.49776310,-2.51393426
E33002931,348,53.49653251,-2.51715519
E33002932,391,53.49594702,-2.51444346
E33002933,688,53.49557235,-2.51609691
E33002934,474,53.49448697,-2.51970892
E33002935,415,53.49449851,-2.51084189
E33002936,251,53.49569515,-2.51007298
E33002937,263,53.49422167,-2.51167353
E33002938,1096,53.50491096,-2.51374721
E33002939,1063,53.46966305,-2.59079265
E33002940,572,53.54075573,-2.64404973
E33002941,1197,53.54326484,-2.65087278
E33002942,236,53.54310585,-2.64714930
E33002943,977,53.54517644,-2.65407629
E33002944,378,53.54581895,-2.65604707
E33002945,416,53.55575667,-2.66684900
E33002946,223,53.55222365,-2.66702782
E33002947,538,53.55304147,-2.67430411
E33002948,208,53.55051272,-2.63095202
E33002949,484,53.54867336,-2.62966616
E33002950,481,53.54955830,-2.63006470
E33002951,224,53.55024640,-2.62806354
E33002952,680,53.54936258,-2.62733693
E33002953,2216,53.54513185,-2.62995717
E33002954,199,53.54716606,-2.63198243
E33002955,522,53.54895498,-2.63378153
E33002956,375,53.54415769,-2.62994418
E33002957,356,53.54350630,-2.62988339
E33002958,229,53.54602365,-2.63559313
E33002959,308,53.54774876,-2.63359709
E33002960,1294,53.54642443,-2.62884049
E33002961,463,53.54525687,-2.63112612
E33002962,290,53.54830287,-2.63219654
E33002963,331,53.54522315,-2.63348408
E33002964,389,53.54646794,-2.63152837
E33002965,849,53.54879404,-2.63457896
E33002966,548,53.54699466,-2.63508460
E33002967,522,53.54458951,-2.63313645
E33002968,1717,53.51901207,-2.65651279
E33002969,2521,53.55174868,-2.68472921
E33002970,711,53.52892068,-2.65823481
E33002971,526,53.53336461,-2.65712380
E33004133,632,53.53980519,-2.63570232
E33004134,247,53.54344931,-2.64125848
E33004135,223,53.54191738,-2.64209650
E33004136,244,53.54181612,-2.63204319
E33004137,265,53.54473861,-2.63872254
E33004138,203,53.54058875,-2.63123502
E33004139,723,53.54018425,-2.63145378
E33004140,260,53.54251847,-2.63463989
E33004141,483,53.54306656,-2.63899583
E33004145,710,53.46967505,-2.28814093
E33004146,235,53.46882047,-2.28370420
E33004147,2082,53.48355187,-2.25220089
E33004148,440,53.48266247,-2.25282740
E33004149,349,53.42581322,-2.31671990
E33004150,675,53.54499069,-2.09618183
E33004151,443,53.54725875,-2.09564342
E33004152,438,53.40243559,-2.15621845
E33004153,237,53.51447971,-2.03956896
E33004154,500,53.48249323,-2.05304678
E33004155,268,53.48287287,-2.05703878
E33004200,427,53.57689699,-2.43118178
E33004201,493,53.57654766,-2.43254523
E33004202,349,53.57749081,-2.43044299
E33004203,283,53.58037242,-2.43344373
E33004204,500,53.57899938,-2.43126075
E33004205,585,53.57654554,-2.43106909
E33004206,762,53.57826333,-2.43077046
E33004207,571,53.57745555,-2.43955800
E33004208,520,53.58193179,-2.44167581
E33004209,874,53.59345413,-2.42125359
E33004210,112,53.57134515,-2.42946113
E33004211,598,53.57246336,-2.43157457
E33004212,619,53.57205790,-2.42514046
E33004213,371,53.57065401,-2.42890050
E33004214,380,53.56980369,-2.42499824
E33004215,447,53.56825576,-2.42789175
E33004216,844,53.58802253,-2.53846713
E33004217,698,53.58614023,-2.54217092
E33004227,290,53.48362689,-2.25971153
E33004228,431,53.48197839,-2.25472400
E33004229,418,53.48213253,-2.26688499
E33004258,486,53.47515192,-2.29422987
E33004259,770,53.47082120,-2.29543804
E33004260,514,53.46615501,-2.28289626
E33004261,360,53.46566038,-2.28118951
E33004262,842,53.46587796,-2.28192240
E33004263,450,53.47776741,-2.28984199
E33004264,586,53.47811330,-2.29717075
E33004265,240,53.47658081,-2.29469090
E33004266,768,53.47832468,-2.29193825
E33004267,715,53.47584179,-2.29485255
E33004268,946,53.47216064,-2.28711076
E33004269,808,53.47407392,-2.28631862
E33004270,818,53.53755826,-2.40505401
E33004271,801,53.51428492,-2.30208852
E33004272,1451,53.47546822,-2.30782967
E33004273,510,53.48255578,-2.32198495
E33004274,332,53.48170312,-2.31130934
E33004275,370,53.48452675,-2.25355266
E33004335,8687,53.46145691,-2.22470670
E33004336,214,53.48148816,-2.23250280
E33004337,272,53.48316582,-2.23330098
E33004338,311,53.48223421,-2.23394617
E33004339,1176,53.48132621,-2.23285719
E33004340,335,53.48119469,-2.23510803
E33004341,211,53.46897228,-2.23066508
E33004342,280,53.46234983,-2.22889142
E33004343,1605,53.46440496,-2.22976699
E33004344,6575,53.46795851,-2.23322078
E33004345,1898,53.46433887,-2.23476515
E33004346,338,53.46429137,-2.23221411
E33004347,521,53.46301909,-2.23584295
E33004348,685,53.48329582,-2.23232304
E33004349,1273,53.46757388,-2.23677402
E33004350,2934,53.47989589,-2.25077920
E33004351,448,53.47983332,-2.24791561
E33004352,575,53.48144535,-2.24884712
E33004353,338,53.48144185,-2.24666141
E33004354,603,53.48388263,-2.24520915
E33004355,333,53.48207159,-2.24886780
E33004356,196,53.48092842,-2.24929750
E33004357,217,53.48184713,-2.24392346
E33004358,884,53.48057072,-2.24635513
E33004359,717,53.47926714,-2.24617952
E33004360,1284,53.47982787,-2.24934722
E33004361,345,53.48336079,-2.24684976
E33004362,269,53.48221239,-2.24616240
E33004363,358,53.48259036,-2.24739029
E33004364,511,53.48061870,-2.24572973
E33004365,1144,53.48373858,-2.24394438
E33004366,1102,53.47850305,-2.25110383
E33004367,493,53.47874670,-2.24902031
E33004368,225,53.48105458,-2.24709645
E33004369,473,53.48286491,-2.24563994
E33004370,247,53.48154216,-2.24620912
E33004371,729,53.48037858,-2.24794842
E33004372,237,53.48153873,-2.24446738
E33004373,584,53.47825024,-2.25043577
E33004374,766,53.47884514,-2.25048552
E33004375,256,53.48029388,-2.24697906
E33004376,228,53.48077527,-2.24860228
E33004377,361,53.47939673,-2.24727008
E33004378,410,53.48134287,-2.24561880
E33004379,483,53.47954802,-2.24818477
E33004380,870,53.47898403,-2.24683075
E33004381,1182,53.48324775,-2.24594764
E33004382,307,53.48249114,-2.24493454
E33004383,113,53.48716440,-2.24209531
E33004384,1965,53.48737585,-2.24426682
E33004385,737,53.48307215,-2.24458864
E33004386,447,53.48060018,-2.24460002
E33004387,651,53.48221383,-2.24689680
E33004388,240,53.48278936,-2.24393448
E33004389,404,53.48311892,-2.24769063
E33004390,248,53.47016553,-2.23624215
E33004391,236,53.46899111,-2.23519873
E33004392,338,53.47110908,-2.23698756
E33004393,275,53.48101525,-2.17224996
E33004394,255,53.48675959,-2.23159001
E33004395,1960,53.48739594,-2.22718783
E33004396,251,53.47666759,-2.24214937
E33004397,399,53.47665490,-2.24097141
E33004398,269,53.47424439,-2.24104744
E33004399,1016,53.47561768,-2.24139945
E33004400,310,53.47620020,-2.24170865
E33004401,400,53.47641073,-2.23959618
E33004402,905,53.47985608,-2.24188915
E33004403,303,53.48169290,-2.24175454
E33004404,786,53.48173090,-2.24090694
E33004405,941,53.48106485,-2.24355971
E33004406,4468,53.48296792,-2.24279484
E33004407,1000,53.48163597,-2.23883888
E33004408,781,53.48058989,-2.24292074
E33004409,480,53.48171664,-2.24293609
E33004410,477,53.48263604,-2.24249625
E33004411,573,53.47981326,-2.24293188
E33004412,1084,53.48096739,-2.24029592
E33004413,676,53.47908744,-2.24250724
E33004414,795,53.48131474,-2.24190660
E33004415,239,53.48213268,-2.24033056
E33004416,440,53.48025254,-2.24239684
E33004417,852,53.48520928,-2.24074027
E33004418,1078,53.48581862,-2.24102186
E33004419,252,53.48582791,-2.23730202
E33004420,444,53.48723645,-2.23966625
E33004421,324,53.48535220,-2.23343440
E33004422,258,53.48577903,-2.23613841
E33004423,276,53.48044535,-2.22847514
E33004424,248,53.48079354,-2.23405726
E33004425,223,53.47973509,-2.23391574
E33004426,340,53.48053924,-2.23473404
E33004427,871,53.47955222,-2.23279110
E33004428,680,53.47840567,-2.23294760
E33004429,257,53.47802280,-2.23562475
E33004430,352,53.47928405,-2.23091427
E33004431,294,53.48187121,-2.23721817
E33004432,398,53.48235736,-2.23646505
E33004433,219,53.48383598,-2.23690796
E33004434,400,53.37957463,-2.26289195
E33004435,505,53.37917650,-2.25858961
E33004436,324,53.37839113,-2.26221916
E33004437,399,53.38001270,-2.26224865
E33004438,220,53.37936354,-2.26067954
E33004439,459,53.46410704,-2.24571556
E33004440,772,53.46126490,-2.24689621
E33004441,232,53.49163652,-2.24231508
E33004442,214,53.49174014,-2.24075957
E33004443,203,53.49839958,-2.24535060
E33004444,234,53.49538478,-2.24967152
E33004445,216,53.49402233,-2.25192455
E33004446,364,53.49487439,-2.24585730
E33004447,345,53.49031974,-2.24812603
E33004448,628,53.49190214,-2.24610595
E33004449,243,53.49352868,-2.24166794
E33004450,225,53.49636650,-2.23872057
E33004451,530,53.49658942,-2.24217949
E33004452,239,53.49546035,-2.24118637
E33004453,649,53.44796293,-2.21546411
E33004454,197,53.47780103,-2.24019242
E33004455,436,53.47780072,-2.24223135
E33004456,238,53.47898219,-2.23995706
E33004457,282,53.47855563,-2.24063206
E33004458,237,53.47910913,-2.24078761
E33004459,1262,53.48003807,-2.23978635
E33004460,934,53.47923822,-2.23914301
E33004461,342,53.47928027,-2.23829152
E33004462,203,53.47987767,-2.23810507
E33004463,345,53.47693342,-2.23808674
E33004464,468,53.47711475,-2.23997552
E33004465,1095,53.48047069,-2.23899176
E33004466,990,53.47981046,-2.24056303
E33004467,1447,53.48036911,-2.23643392
E33004468,271,53.47850193,-2.23937730
E33004469,386,53.48052634,-2.24147920
E33004470,1177,53.48204652,-2.23566565
E33004471,335,53.48055570,-2.24075248
E33004472,221,53.47558942,-2.24317214
E33004473,727,53.47709675,-2.24367864
E33004474,527,53.47995647,-2.24413323
E33004475,798,53.47930638,-2.24455239
E33004476,824,53.47497663,-2.24375276
E33004477,493,53.47814357,-2.24282708
E33004478,690,53.47867354,-2.24593810
E33004479,731,53.47757299,-2.24594721
E33004480,442,53.47820423,-2.23673468
E33004481,782,53.47818632,-2.23832310
E33004482,419,53.47743215,-2.23714804
E33004483,242,53.47886782,-2.23746577
E33004484,795,53.45761922,-2.22349189
E33004485,450,53.39726530,-2.25873451
E33004486,421,53.39787037,-2.25329923
E33004487,426,53.39627710,-2.25130116
E33004488,339,53.39704300,-2.25792361
E33004489,662,53.39539813,-2.24775151
E33004490,338,53.39520420,-2.24968141
E33004491,457,53.47848555,-2.25308360
E33004492,239,53.47786843,-2.25184700
E33004493,205,53.47797039,-2.25158028
E33004494,199,53.47785131,-2.25105514
E33004495,370,53.47673528,-2.25082126
E33004496,615,53.47864158,-2.25305710
E33004497,366,53.47678179,-2.24967249
E33004498,564,53.47835662,-2.24764060
E33004499,534,53.47789815,-2.24760054
E33004500,256,53.47648633,-2.24650409
E33004501,333,53.48015961,-2.25220271
E33004502,1368,53.47979664,-2.25218664
E33004503,3426,53.48013835,-2.25388760
E33004504,414,53.47344605,-2.25052989
E33004505,544,53.47509162,-2.25118181
E33004506,353,53.47858946,-2.25398923
E33004507,202,53.48208746,-2.25134907
E33004508,607,53.48340239,-2.24785092
E33004509,590,53.48241608,-2.24980533
E33004510,1391,53.47094705,-2.23910986
E33004511,355,53.48117012,-2.23139910
E33004512,579,53.48347931,-2.23390793
E33004513,1115,53.47775619,-2.23274573
E33004514,241,53.47699381,-2.23558692
E33004515,195,53.49441423,-2.23722646
E33004516,568,53.48429542,-2.23358913
E33004517,1554,53.47682841,-2.22433554
E33004518,954,53.47690910,-2.22980404
E33004519,227,53.47511171,-2.22201716
E33004520,237,53.47730508,-2.22326370
E33004521,849,53.47814867,-2.23002014
E33004632,432,53.62943062,-2.43911352
E33004633,292,53.61251137,-2.44216544
E33004634,325,53.62079721,-2.42868280
E33004635,313,53.61856878,-2.43425509
E33004636,479,53.62665675,-2.44360077
E33004637,309,53.62109697,-2.41950369
E33004638,389,53.61404013,-2.41271178
E33004639,554,53.60461646,-2.39678854
E33004640,233,53.61088175,-2.41395844
E33004641,256,53.61232009,-2.40557294
E33004642,514,53.60218627,-2.40961085
E33004643,335,53.61634834,-2.42330120
E33004644,335,53.60726504,-2.42421628
E33004645,351,53.61066153,-2.43205104
E33004646,412,53.60643466,-2.43203074
E33004647,246,53.59906031,-2.53973034
E33004648,275,53.60173804,-2.54769329
E33004649,297,53.59679217,-2.55066335
E33004650,392,53.60124998,-2.55267673
E33004651,332,53.60232702,-2.54400346
E33004652,447,53.60138760,-2.44368809
E33004653,416,53.59638861,-2.42829332
E33004654,745,53.60014455,-2.43370014
E33004655,245,53.59745233,-2.43486362
E33004656,443,53.59804811,-2.42628215
E33004657,286,53.60270107,-2.43336324
E33004658,435,53.60016049,-2.38469574
E33004659,371,53.60593010,-2.39385965
E33004660,444,53.59596368,-2.38835246
E33004661,264,53.59770419,-2.54267618
E33004662,2229,53.58357607,-2.53530906
E33004663,1582,53.58838393,-2.54033315
E33004664,1139,53.58957866,-2.53868080
E33004665,239,53.59215988,-2.53563483
E33004666,627,53.58563022,-2.52677510
E33004667,367,53.59794737,-2.53327626
E33004668,386,53.59886161,-2.45507951
E33004669,505,53.59179105,-2.46195597
E33004670,319,53.59037921,-2.44820132
E33004671,293,53.59224942,-2.45259040
E33004672,326,53.58932882,-2.57689160
E33004673,681,53.59421534,-2.56537154
E33004674,259,53.57662827,-2.56895706
E33004675,331,53.59438071,-2.58549048
E33004676,430,53.59438866,-2.40852466
E33004677,363,53.58711917,-2.41341940
E33004678,560,53.58944763,-2.41915839
E33004679,385,53.59452458,-2.41336146
E33004680,394,53.59747360,-2.41517570
E33004681,465,53.59242178,-2.43749525
E33004682,242,53.59647757,-2.44179547
E33004683,311,53.58922503,-2.44033849
E33004684,502,53.59375419,-2.44490595
E33004685,301,53.58994648,-2.44555596
E33004686,355,53.59210794,-2.48037172
E33004687,241,53.58502968,-2.47852790
E33004688,609,53.58846321,-2.46942771
E33004689,258,53.59043138,-2.38759870
E33004690,482,53.58978829,-2.39446080
E33004691,619,53.58242275,-2.38424561
E33004692,1027,53.57933962,-2.52338372
E33004693,258,53.59123743,-2.52241431
E33004694,1030,53.57728937,-2.53446790
E33004695,254,53.58616913,-2.52152217
E33004696,895,53.57476579,-2.52308335
E33004697,654,53.58646169,-2.45202688
E33004698,349,53.58638892,-2.45435469
E33004699,347,53.57809310,-2.44979097
E33004700,324,53.58099043,-2.44965380
E33004701,279,53.58818884,-2.45738367
E33004702,517,53.58406448,-2.44729110
E33004703,789,53.58761273,-2.42827767
E33004704,271,53.58223179,-2.43635409
E33004705,719,53.57873561,-2.43168011
E33004706,335,53.57078111,-2.43218068
E33004707,387,53.58283275,-2.43059891
E33004708,217,53.59149797,-2.42943694
E33004709,209,53.57739170,-2.43481371
E33004710,250,53.58816431,-2.43255781
E33004711,226,53.58520934,-2.43471782
E33004712,375,53.57764546,-2.41700320
E33004713,412,53.58830772,-2.41246615
E33004714,577,53.58216003,-2.41247314
E33004715,295,53.58878179,-2.40821205
E33004716,246,53.58055167,-2.40500086
E33004717,316,53.57394618,-2.41029217
E33004718,329,53.56942959,-2.45566921
E33004719,297,53.56624025,-2.46250966
E33004720,382,53.58505818,-2.46374213
E33004721,317,53.58164409,-2.45856351
E33004722,433,53.56936776,-2.46269910
E33004723,374,53.58028555,-2.39447384
E33004724,298,53.57463247,-2.37919438
E33004725,615,53.58039510,-2.38101577
E33004726,283,53.58080845,-2.38922647
E33004727,396,53.56902851,-2.40277421
E33004728,305,53.57094114,-2.48177428
E33004729,488,53.56728736,-2.47393963
E33004730,579,53.57898982,-2.47573953
E33004731,350,53.57966910,-2.49861774
E33004732,415,53.57176275,-2.45048913
E33004733,297,53.56814394,-2.44323236
E33004734,783,53.57567823,-2.43976614
E33004735,481,53.57027880,-2.44169962
E33004736,454,53.57276767,-2.44634668
E33004737,642,53.57028447,-2.41813167
E33004738,615,53.56522670,-2.42353711
E33004739,248,53.56647615,-2.41823103
E33004740,293,53.56263367,-2.41569523
E33004741,432,53.56768525,-2.42054495
E33004742,533,53.57570522,-2.42124864
E33004743,270,53.56545951,-2.43139958
E33004744,279,53.56703503,-2.40498830
E33004745,272,53.56005346,-2.42539224
E33004746,345,53.55763716,-2.45008017
E33004747,248,53.56663796,-2.44281929
E33004748,664,53.56407371,-2.44552571
E33004749,352,53.56394222,-2.44905721
E33004750,278,53.56580315,-2.44655149
E33004751,342,53.56375034,-2.44322476
E33004752,260,53.56392229,-2.45424272
E33004753,286,53.56453799,-2.36540140
E33004754,332,53.56200473,-2.37151028
E33004755,283,53.55937731,-2.36949452
E33004756,299,53.56437313,-2.37441554
E33004757,261,53.56156657,-2.36781583
E33004758,357,53.56189356,-2.38386507
E33004759,462,53.55930357,-2.43731552
E33004760,572,53.56841859,-2.43512091
E33004761,314,53.55554221,-2.46229004
E33004762,454,53.56208888,-2.45377326
E33004763,275,53.56253215,-2.46367024
E33004764,244,53.55458581,-2.39956285
E33004765,389,53.54881481,-2.39209839
E33004766,565,53.55338886,-2.40379140
E33004767,379,53.55816405,-2.40167793
E33004768,511,53.55411943,-2.41202605
E33004769,330,53.55328188,-2.51947982
E33004770,504,53.54863228,-2.51719674
E33004771,544,53.55645666,-2.50891239
E33004772,242,53.55037139,-2.49679837
E33004773,311,53.55062219,-2.50742454
E33004774,371,53.55450663,-2.41813905
E33004775,503,53.54846848,-2.42076215
E33004776,416,53.54228992,-2.47145801
E33004777,736,53.56004289,-2.47063649
E33004778,298,53.54288878,-2.51717781
E33004779,515,53.54723933,-2.52503430
E33004780,555,53.55911803,-2.52165610
E33004781,344,53.54425281,-2.53126973
E33004782,493,53.55648897,-2.52690228
E33004783,297,53.54445591,-2.39075964
E33004784,464,53.54796942,-2.39462443
E33004785,273,53.54337991,-2.40083901
E33004786,290,53.55001931,-2.40665145
E33004787,311,53.54622228,-2.39015131
E33004788,415,53.54753189,-2.40188904
E33004789,384,53.54831498,-2.39264811
E33004790,703,53.54502872,-2.41509308
E33004791,322,53.54642839,-2.43223418
E33004792,318,53.54752851,-2.37657083
E33004793,664,53.53562437,-2.38853288
E33004794,328,53.53615488,-2.36394963
E33004795,307,53.54561883,-2.36367189
E33004796,519,53.54358513,-2.36848310
E33004797,288,53.54195067,-2.38224132
E33004798,298,53.54322080,-2.36478530
E33004799,300,53.53578056,-2.52170858
E33004800,275,53.54141656,-2.54388005
E33004801,298,53.53942738,-2.53394911
E33004802,310,53.53419147,-2.52002246
E33004803,494,53.64788822,-2.31885880
E33004804,293,53.64078020,-2.32560664
E33004805,248,53.64326573,-2.31595747
E33004806,532,53.64498627,-2.32834745
E33004807,563,53.64851571,-2.31724544
E33004808,390,53.65275083,-2.30551249
E33004809,386,53.62903778,-2.33720868
E33004810,350,53.62633917,-2.33046531
E33004811,407,53.63532976,-2.33172469
E33004812,436,53.61451134,-2.34074251
E33004813,324,53.61983182,-2.33960302
E33004814,242,53.63039444,-2.36624400
E33004815,461,53.61292523,-2.33837309
E33004816,245,53.61285208,-2.35300766
E33004817,322,53.63483358,-2.31711615
E33004818,338,53.63695281,-2.30343018
E33004819,402,53.61018127,-2.29352574
E33004820,580,53.60722423,-2.29509825
E33004821,301,53.62970473,-2.30228540
E33004822,508,53.62083569,-2.29007972
E33004823,278,53.60483106,-2.30791983
E33004824,410,53.61372701,-2.31830114
E33004825,294,53.60874737,-2.31368100
E33004826,408,53.59847790,-2.30709653
E33004827,302,53.60751175,-2.33989858
E33004828,464,53.60099454,-2.32528039
E33004829,396,53.60618659,-2.32588319
E33004830,2526,53.60053663,-2.25533202
E33004831,773,53.59344164,-2.26240823
E33004832,376,53.59833248,-2.27540848
E33004833,688,53.59950233,-2.28353972
E33004834,411,53.60275500,-2.28397350
E33004835,257,53.59460853,-2.27464955
E33004836,563,53.59531622,-2.28390402
E33004837,616,53.59819883,-2.29027842
E33004838,315,53.59252026,-2.28074858
E33004839,323,53.60244327,-2.29130021
E33004840,418,53.58753303,-2.28435803
E33004841,291,53.59715052,-2.27873996
E33004842,321,53.60012261,-2.31805323
E33004843,559,53.58717645,-2.31676613
E33004844,259,53.59820410,-2.31522602
E33004845,307,53.59166627,-2.31716372
E33004846,232,53.60247900,-2.31504782
E33004847,286,53.59648933,-2.31014981
E33004848,513,53.58756745,-2.32806863
E33004849,294,53.59500299,-2.33908641
E33004850,336,53.59263190,-2.32603570
E33004851,322,53.58602375,-2.30250117
E33004852,282,53.58288061,-2.29816729
E33004853,290,53.58561075,-2.28925471
E33004854,337,53.58407081,-2.29263726
E33004855,324,53.58773555,-2.35377027
E33004856,336,53.57178283,-2.36661802
E33004857,936,53.57349055,-2.36343286
E33004858,282,53.57860105,-2.29553345
E33004859,308,53.57361226,-2.29608394
E33004860,624,53.57851498,-2.30885600
E33004861,670,53.56906484,-2.28620919
E33004862,304,53.56789371,-2.33504427
E33004863,337,53.57566652,-2.33954015
E33004864,450,53.56946460,-2.33257239
E33004865,606,53.57066434,-2.31165898
E33004866,546,53.56799117,-2.30779217
E33004867,239,53.56649602,-2.31419404
E33004868,197,53.56822009,-2.31704632
E33004869,290,53.56490937,-2.31152372
E33004870,352,53.56515992,-2.34443982
E33004871,389,53.56366137,-2.33436056
E33004872,599,53.55978483,-2.32999126
E33004873,473,53.56358796,-2.32599304
E33004874,583,53.56010829,-2.32480398
E33004875,362,53.55847004,-2.32091788
E33004876,334,53.55636053,-2.27755580
E33004877,330,53.56475616,-2.27539963
E33004878,312,53.56162962,-2.28670985
E33004879,416,53.56058175,-2.27331317
E33004880,600,53.55734287,-2.32868818
E33004881,327,53.55137677,-2.33196907
E33004882,377,53.56319493,-2.35649097
E33004883,353,53.55308989,-2.31644212
E33004884,253,53.55729084,-2.29833626
E33004885,297,53.55401912,-2.30318995
E33004886,494,53.54343189,-2.30773522
E33004887,294,53.54383503,-2.29558693
E33004888,272,53.54518970,-2.29265450
E33004889,329,53.55300005,-2.28661834
E33004890,455,53.54352329,-2.28896871
E33004891,248,53.55787917,-2.28977126
E33004892,535,53.55106232,-2.28830159
E33004893,727,53.54814990,-2.28403265
E33004894,385,53.55198207,-2.27868911
E33004895,415,53.54858748,-2.25114208
E33004896,332,53.53627853,-2.28601278
E33004897,508,53.54018974,-2.28048291
E33004898,294,53.52558045,-2.27605670
E33004899,397,53.53429713,-2.26986541
E33004900,551,53.52917310,-2.26825074
E33004901,359,53.53793081,-2.27424431
E33004902,347,53.53126566,-2.28432634
E33004903,246,53.53127860,-2.28143142
E33004904,286,53.52562099,-2.28511325
E33004905,226,53.52190237,-2.27601588
E33004906,570,53.51849600,-2.27357995
E33004907,373,53.53429790,-2.27971677
E33004908,336,53.53113468,-2.28988742
E33004909,670,53.51780155,-2.28149008
E33004910,419,53.51893386,-2.27000441
E33004911,302,53.52513928,-2.25327501
E33004912,323,53.52191942,-2.27298238
E33004913,365,53.52067805,-2.27108208
E33004914,275,53.52439312,-2.26572518
E33004915,356,53.52017387,-2.25992636
E33004916,411,53.53726792,-2.23725240
E33004917,641,53.53381428,-2.22225168
E33004918,321,53.52994503,-2.22909380
E33004919,361,53.53602602,-2.21858040
E33004920,487,53.52779956,-2.22257641
E33004921,310,53.53121160,-2.21174923
E33004922,339,53.52346874,-2.21445641
E33004923,434,53.52302171,-2.22734060
E33004924,279,53.52976178,-2.20568698
E33004925,298,53.52401702,-2.19016761
E33004926,266,53.52909351,-2.19780045
E33004927,345,53.52205954,-2.18465879
E33004928,478,53.52439310,-2.17253947
E33004929,307,53.52759652,-2.19226035
E33004930,324,53.52308084,-2.24129934
E33004931,363,53.53103681,-2.24420692
E33004932,466,53.52027095,-2.24953541
E33004933,315,53.51624193,-2.16137522
E33004934,271,53.51058879,-2.18310965
E33004935,440,53.51619801,-2.16969669
E33004936,385,53.51820648,-2.17632924
E33004937,406,53.52223336,-2.22580030
E33004938,490,53.51454443,-2.21671745
E33004939,391,53.51684881,-2.21361356
E33004940,597,53.51225792,-2.21079833
E33004941,470,53.51168098,-2.19740369
E33004942,363,53.50990993,-2.19212790
E33004943,301,53.51420878,-2.19617779
E33004944,404,53.51878487,-2.19050032
E33004945,463,53.50759327,-2.24036731
E33004946,286,53.51177374,-2.24207745
E33004947,850,53.51653165,-2.24510426
E33004948,709,53.50748884,-2.22481489
E33004949,831,53.51244263,-2.23563304
E33004950,302,53.51416413,-2.23831326
E33004951,431,53.50033887,-2.21339999
E33004952,491,53.50935326,-2.20566260
E33004953,398,53.50214763,-2.21293907
E33004954,261,53.49166449,-2.19549264
E33004955,353,53.50170240,-2.18490338
E33004956,360,53.50204851,-2.19288189
E33004957,427,53.49704380,-2.16975670
E33004958,317,53.49920272,-2.17557244
E33004959,429,53.48610116,-2.17734528
E33004960,451,53.49675644,-2.18277701
E33004961,368,53.48966527,-2.21429026
E33004962,407,53.48507571,-2.22468809
E33004963,297,53.48046125,-2.21944594
E33004964,283,53.48945110,-2.21256694
E33004965,490,53.48300554,-2.21616966
E33004966,388,53.49241369,-2.21482738
E33004967,239,53.48275170,-2.19354186
E33004968,625,53.47864538,-2.17511676
E33004969,321,53.47695770,-2.19670302
E33004970,267,53.47901013,-2.20165875
E33004971,484,53.48382530,-2.17947249
E33004972,400,53.48642135,-2.19683082
E33004973,243,53.48435757,-2.18415005
E33004974,574,53.47576857,-2.18205220
E33004975,432,53.47254302,-2.15643722
E33004976,353,53.46241675,-2.17664849
E33004977,278,53.46465482,-2.16992406
E33004978,658,53.46797131,-2.17732566
E33004979,179,53.47403743,-2.16562655
E33004980,613,53.47264945,-2.16244146
E33004981,270,53.47041964,-2.22824367
E33004982,602,53.46745353,-2.21784636
E33004983,690,53.46402216,-2.22374348
E33004984,434,53.46890750,-2.19983880
E33004985,343,53.46719089,-2.22751462
E33004986,402,53.46320923,-2.23865545
E33004987,352,53.46574125,-2.23894625
E33004988,432,53.46571114,-2.24992883
E33004989,393,53.46104284,-2.22973663
E33004990,395,53.46646103,-2.25315693
E33004991,767,53.46032946,-2.24229396
E33004992,651,53.46157446,-2.25172676
E33004993,416,53.46295654,-2.18777379
E33004994,541,53.46202294,-2.20699585
E33004995,388,53.46799285,-2.19540721
E33004996,598,53.46003054,-2.19129354
E33004997,727,53.46864453,-2.18235636
E33004998,668,53.46503322,-2.18430943
E33004999,570,53.46548863,-2.15215809
E33005000,275,53.46320484,-2.16689516
E33005001,514,53.45736023,-2.15944088
E33005002,636,53.46109870,-2.20837934
E33005003,224,53.46225725,-2.22069133
E33005004,458,53.45444043,-2.20144529
E33005005,291,53.45580617,-2.21256612
E33005006,287,53.45870451,-2.21742264
E33005007,281,53.45797398,-2.20891621
E33005008,363,53.46007864,-2.21823284
E33005009,252,53.45538285,-2.20643224
E33005010,564,53.45057841,-2.17517045
E33005011,468,53.46042823,-2.17333007
E33005012,406,53.45886291,-2.18053365
E33005013,441,53.45725170,-2.24258027
E33005014,288,53.45505302,-2.24459672
E33005015,276,53.45137688,-2.24373989
E33005016,556,53.45726764,-2.25403313
E33005017,336,53.45441362,-2.22822119
E33005018,418,53.45647398,-2.22802303
E33005019,520,53.45684497,-2.23518320
E33005020,353,53.45027490,-2.23543784
E33005021,249,53.45182197,-2.21974526
E33005022,298,53.45607112,-2.21787105
E33005023,330,53.45353312,-2.20688474
E33005024,346,53.44589115,-2.20716848
E33005025,315,53.44981318,-2.21893649
E33005026,261,53.45277290,-2.22249171
E33005027,467,53.45905128,-2.22656077
E33005028,290,53.45332121,-2.21610833
E33005029,336,53.45200778,-2.18976123
E33005030,468,53.44702312,-2.17780112
E33005031,456,53.44775762,-2.19007902
E33005032,747,53.45357002,-2.19614468
E33005033,565,53.45335197,-2.26320323
E33005034,352,53.45212537,-2.25743443
E33005035,532,53.45091115,-2.26791656
E33005036,465,53.44960505,-2.25643354
E33005037,335,53.44450799,-2.28694269
E33005038,316,53.44237608,-2.28028967
E33005039,301,53.44838074,-2.27158414
E33005040,634,53.44563767,-2.27754482
E33005041,267,53.44642644,-2.28105755
E33005042,315,53.44336050,-2.25450437
E33005043,799,53.44549747,-2.24889659
E33005044,306,53.44484738,-2.23332499
E33005045,379,53.44680719,-2.23752218
E33005046,608,53.44715019,-2.24530295
E33005047,269,53.44684759,-2.19305930
E33005048,609,53.44305117,-2.19108123
E33005049,364,53.44432864,-2.19487906
E33005050,360,53.43977514,-2.18552278
E33005051,383,53.44520651,-2.18981233
E33005052,291,53.44495821,-2.18675427
E33005053,238,53.44391837,-2.21876143
E33005054,302,53.44304773,-2.20457582
E33005055,240,53.44320830,-2.22294864
E33005056,312,53.43953330,-2.22516180
E33005057,428,53.43966010,-2.22093361
E33005058,520,53.44222595,-2.21746150
E33005059,598,53.43998537,-2.27441723
E33005060,474,53.43480581,-2.27295973
E33005061,578,53.44251784,-2.27085577
E33005062,296,53.43221203,-2.20092524
E33005063,339,53.43687847,-2.18518281
E33005064,357,53.43475998,-2.20587876
E33005065,434,53.44258884,-2.20129179
E33005066,455,53.43729877,-2.19605823
E33005067,328,53.43615728,-2.23737938
E33005068,413,53.43699250,-2.22952835
E33005069,429,53.43328776,-2.24415004
E33005070,494,53.43368171,-2.21219386
E33005071,1399,53.43902051,-2.21959494
E33005072,415,53.43877712,-2.28056835
E33005073,320,53.43876809,-2.28615512
E33005074,364,53.43182472,-2.26888107
E33005075,298,53.43565917,-2.28041670
E33005076,418,53.43236361,-2.23215265
E33005077,394,53.42941936,-2.23782192
E33005078,442,53.43386381,-2.22954946
E33005079,505,53.42512460,-2.23523669
E33005080,752,53.42728202,-2.24127226
E33005081,821,53.42856703,-2.24596178
E33005082,401,53.43329307,-2.25910765
E33005083,592,53.42525371,-2.24522176
E33005084,254,53.42436546,-2.23926733
E33005085,411,53.43122282,-2.22786933
E33005086,406,53.42604703,-2.22475118
E33005087,485,53.42150803,-2.21691983
E33005088,341,53.43438856,-2.22662099
E33005089,409,53.42991375,-2.20827739
E33005090,350,53.42458351,-2.20604873
E33005091,1112,53.43021944,-2.20041684
E33005092,779,53.42530442,-2.25759902
E33005093,515,53.42068681,-2.24483632
E33005094,305,53.42280557,-2.26301696
E33005095,236,53.42250408,-2.24906562
E33005096,359,53.42793414,-2.26292097
E33005097,372,53.41718622,-2.22570840
E33005098,318,53.41719532,-2.23857757
E33005099,284,53.41960426,-2.22606082
E33005100,290,53.41549297,-2.23319666
E33005101,273,53.41603139,-2.23076735
E33005102,316,53.42101891,-2.23748715
E33005103,769,53.41034115,-2.27520784
E33005104,389,53.40984458,-2.29200777
E33005105,355,53.41185004,-2.28207298
E33005106,575,53.41533685,-2.21693608
E33005107,322,53.40337968,-2.22342496
E33005108,324,53.41273055,-2.22308266
E33005109,596,53.40829896,-2.22541362
E33005110,421,53.40947240,-2.25616569
E33005111,294,53.40727261,-2.25428857
E33005112,547,53.40600562,-2.26175965
E33005113,452,53.40728667,-2.25843959
E33005114,438,53.40692312,-2.26473591
E33005115,221,53.40309713,-2.25646395
E33005116,560,53.39375356,-2.29825578
E33005117,274,53.40152771,-2.30731174
E33005118,220,53.39910008,-2.29896599
E33005119,588,53.40485880,-2.29906909
E33005120,317,53.40667862,-2.31157510
E33005121,307,53.39775641,-2.29211313
E33005122,289,53.39388773,-2.28492871
E33005123,307,53.40083358,-2.28760659
E33005124,866,53.39892417,-2.29417339
E33005125,307,53.39356232,-2.27871074
E33005126,836,53.39061213,-2.25373839
E33005127,401,53.38653448,-2.25963376
E33005128,341,53.39431186,-2.26428782
E33005129,330,53.38103855,-2.25879620
E33005130,331,53.38327735,-2.27032526
E33005131,373,53.38247503,-2.26013468
E33005132,282,53.38922722,-2.27142276
E33005133,307,53.37891791,-2.28027918
E33005134,306,53.38534211,-2.28649709
E33005135,655,53.38521235,-2.27908882
E33005136,344,53.37351328,-2.24885487
E33005137,485,53.37823275,-2.26029233
E33005138,373,53.38416574,-2.24803608
E33005139,934,53.37424193,-2.25337736
E33005140,1378,53.37074060,-2.24837322
E33005141,503,53.37140874,-2.27377326
E33005142,610,53.37122486,-2.26158093
E33005143,351,53.37492478,-2.26907443
E33005144,388,53.58573049,-2.10545989
E33005145,399,53.58166093,-2.10951427
E33005146,391,53.58165598,-2.09739955
E33005147,1749,53.57970848,-2.08849587
E33005148,337,53.58198016,-2.08810430
E33005149,256,53.58027734,-2.09420143
E33005150,369,53.58594088,-2.09378688
E33005151,328,53.57424197,-2.09626469
E33005152,353,53.58034642,-2.08084891
E33005153,425,53.57694166,-2.09488193
E33005154,268,53.58179112,-2.13282917
E33005155,472,53.57261156,-2.13045182
E33005156,323,53.57020123,-2.09911403
E33005157,296,53.56746343,-2.11576417
E33005158,440,53.56694299,-2.10671969
E33005159,323,53.56915787,-2.12300728
E33005160,273,53.57410372,-2.04034701
E33005161,365,53.55149676,-2.00364499
E33005162,437,53.58522508,-2.03423793
E33005163,595,53.56681907,-1.99848303
E33005164,425,53.56602889,-2.07770503
E33005165,271,53.56378983,-2.07530719
E33005166,465,53.56074979,-2.07463151
E33005167,964,53.55804477,-2.13767376
E33005168,570,53.56219261,-2.12690409
E33005169,568,53.56408831,-2.12432811
E33005170,412,53.56616720,-2.12419472
E33005171,546,53.56615850,-2.12167240
E33005172,307,53.55642177,-2.11990004
E33005173,822,53.56429329,-2.11262095
E33005174,192,53.56131127,-2.10886309
E33005175,514,53.55307595,-2.14030423
E33005176,561,53.55612398,-2.15132215
E33005177,978,53.55170642,-2.09047047
E33005178,403,53.54905783,-2.09888275
E33005179,472,53.55319970,-2.08656443
E33005180,400,53.55229581,-2.07734277
E33005181,650,53.54779175,-2.07455982
E33005182,537,53.54802754,-2.08580592
E33005183,282,53.53636605,-2.02514971
E33005184,307,53.56380089,-2.02513609
E33005185,501,53.54808860,-2.00603887
E33005186,252,53.55549676,-2.01885605
E33005187,327,53.54634136,-2.06267950
E33005188,402,53.54815272,-2.11919564
E33005189,246,53.54609496,-2.10752045
E33005190,439,53.55096251,-2.12022083
E33005191,335,53.55344161,-2.10371841
E33005192,325,53.54399314,-2.17024502
E33005193,378,53.54535893,-2.15363598
E33005194,398,53.55077732,-2.16074326
E33005195,425,53.54534846,-2.12654271
E33005196,340,53.55160595,-2.12819573
E33005197,281,53.54704430,-2.12289201
E33005198,251,53.54469354,-2.13310237
E33005199,498,53.54089096,-2.12800581
E33005200,273,53.54328175,-2.14778550
E33005201,353,53.54052640,-2.13638727
E33005202,260,53.54275936,-2.14232536
E33005203,486,53.54905695,-2.13610527
E33005204,398,53.54503677,-2.13728192
E33005205,454,53.54672965,-2.15067682
E33005206,417,53.53802105,-2.07235774
E33005207,305,53.53332305,-2.06630374
E33005208,421,53.54430350,-2.07108452
E33005209,330,53.54227389,-2.06699378
E33005210,331,53.54267245,-2.09144364
E33005211,357,53.54435819,-2.08863318
E33005212,288,53.53555369,-2.08191459
E33005213,752,53.53665495,-2.00948648
E33005214,286,53.54818966,-2.00384754
E33005215,423,53.53136479,-1.99685275
E33005216,326,53.53708308,-2.00211000
E33005217,287,53.53677880,-2.05340189
E33005218,246,53.53754324,-2.06668054
E33005219,342,53.53716805,-2.03884730
E33005220,271,53.54091278,-2.05882167
E33005221,332,53.53854743,-2.09798065
E33005222,285,53.53466525,-2.10042459
E33005223,409,53.53627580,-2.10522567
E33005224,374,53.53456137,-2.09505417
E33005225,502,53.54077083,-2.10127744
E33005226,278,53.52853633,-2.11640559
E33005227,485,53.52869730,-2.10627217
E33005228,896,53.53109157,-2.11369394
E33005229,563,53.53868693,-2.11865138
E33005230,448,53.53885981,-2.11100287
E33005231,302,53.53553418,-2.07491459
E33005232,344,53.52767529,-2.08223785
E33005233,434,53.52581490,-2.13546971
E33005234,250,53.52991452,-2.13989543
E33005235,379,53.52781876,-2.14875879
E33005236,268,53.52570455,-2.13986724
E33005237,434,53.52374575,-2.15943949
E33005238,353,53.52390501,-2.16474759
E33005239,336,53.52677998,-2.15273871
E33005240,1409,53.53423960,-2.14801823
E33005241,520,53.51894661,-2.09981769
E33005242,295,53.52568129,-2.10893004
E33005243,499,53.52713485,-2.11583408
E33005244,666,53.52360125,-2.10938504
E33005245,261,53.51538090,-2.12677335
E33005246,254,53.51391065,-2.12563000
E33005247,235,53.52411716,-2.12343242
E33005248,365,53.52315964,-2.12523282
E33005249,500,53.51541340,-2.15084424
E33005250,671,53.51662292,-2.14299888
E33005251,688,53.51636197,-2.14560627
E33005252,314,53.51240839,-2.14655891
E33005253,445,53.50972227,-2.16114960
E33005254,670,53.50575110,-2.16719648
E33005255,248,53.50911563,-2.16653629
E33005256,376,53.51059384,-2.15297145
E33005257,248,53.50377873,-2.13476946
E33005258,418,53.51117300,-2.10882171
E33005259,531,53.50770601,-2.14631718
E33005260,304,53.49676101,-2.15930259
E33005261,470,53.50324689,-2.15985127
E33005262,286,53.64647294,-2.09802317
E33005263,671,53.64932892,-2.08966530
E33005264,652,53.64271474,-2.10309783
E33005265,407,53.64423126,-2.09576929
E33005266,315,53.66088924,-2.08241403
E33005267,419,53.64455149,-2.10283340
E33005268,436,53.64005958,-2.14383486
E33005269,564,53.64541511,-2.11366837
E33005270,215,53.63294568,-2.09747043
E33005271,385,53.63268514,-2.10937296
E33005272,307,53.64464953,-2.08996857
E33005273,532,53.63651495,-2.11792672
E33005274,309,53.62980726,-2.13888437
E33005275,412,53.62888969,-2.13530475
E33005276,819,53.64308220,-2.12634774
E33005277,313,53.63452055,-2.13422469
E33005278,294,53.62929125,-2.16841136
E33005279,437,53.63478800,-2.16628490
E33005280,445,53.62899783,-2.15691639
E33005281,1076,53.63208397,-2.14387095
E33005282,294,53.63098205,-2.17312007
E33005283,363,53.63314489,-2.18637411
E33005284,358,53.62849722,-2.23158207
E33005285,361,53.60531983,-2.22424906
E33005286,430,53.62098614,-2.21014499
E33005287,358,53.62628133,-2.20820777
E33005288,410,53.62290078,-2.19415494
E33005289,256,53.62663031,-2.21008241
E33005290,305,53.61558347,-2.20587012
E33005291,264,53.61941952,-2.14948760
E33005292,348,53.62285466,-2.14092742
E33005293,336,53.62764061,-2.14327288
E33005294,243,53.62104957,-2.13290814
E33005295,393,53.61368578,-2.14600888
E33005296,355,53.62524788,-2.14685908
E33005297,274,53.62659239,-2.15558694
E33005298,605,53.62159920,-2.15080509
E33005299,265,53.62231827,-2.18860725
E33005300,251,53.61750383,-2.17028838
E33005301,265,53.62233811,-2.18158234
E33005302,406,53.61801420,-2.17512812
E33005303,238,53.61457490,-2.17409708
E33005304,429,53.62073773,-2.17413847
E33005305,363,53.62798280,-2.18406537
E33005306,1317,53.62431415,-2.16014855
E33005307,492,53.60651542,-2.16752378
E33005308,283,53.61957426,-2.16540627
E33005309,598,53.62365564,-2.16785104
E33005310,369,53.60685554,-2.17394685
E33005311,309,53.61116002,-2.16947331
E33005312,220,53.62372080,-2.15755898
E33005313,287,53.60375984,-2.18376842
E33005314,329,53.61270939,-2.18846726
E33005315,299,53.60982937,-2.20661083
E33005316,367,53.61480200,-2.12827203
E33005317,291,53.61199327,-2.14179276
E33005318,491,53.61218211,-2.13553927
E33005319,598,53.60395601,-2.13858676
E33005320,402,53.60346842,-2.14612365
E33005321,265,53.61611304,-2.13405124
E33005322,350,53.60656294,-2.11947481
E33005323,297,53.60662796,-2.10631824
E33005324,281,53.61216740,-2.11301671
E33005325,285,53.61059816,-2.11268134
E33005326,317,53.60129717,-2.10563487
E33005327,527,53.60003228,-2.09636864
E33005328,336,53.60757674,-2.07104362
E33005329,427,53.60737268,-2.10430227
E33005330,355,53.60876702,-2.10470850
E33005331,332,53.60719547,-2.15210583
E33005332,276,53.60773741,-2.16122651
E33005333,398,53.61006612,-2.15635184
E33005334,583,53.60277823,-2.15941388
E33005335,333,53.60700016,-2.14742755
E33005336,359,53.59766953,-2.16081655
E33005337,411,53.59033797,-2.13904595
E33005338,371,53.60114966,-2.15055106
E33005339,304,53.59401385,-2.15623246
E33005340,256,53.59766042,-2.14207202
E33005341,558,53.59100353,-2.17351986
E33005342,303,53.57988137,-2.17424924
E33005343,377,53.58561673,-2.17580697
E33005344,406,53.60117654,-2.18851801
E33005345,258,53.59273250,-2.18155410
E33005346,527,53.59589514,-2.18498575
E33005347,466,53.60255474,-2.17389519
E33005348,614,53.59143114,-2.21193410
E33005349,244,53.58960881,-2.21276550
E33005350,625,53.59360863,-2.21638485
E33005351,582,53.59301766,-2.22158369
E33005352,428,53.59138532,-2.21970003
E33005353,353,53.59105770,-2.23200402
E33005354,274,53.59621503,-2.22794277
E33005355,333,53.59327597,-2.23974861
E33005356,322,53.59295178,-2.24946495
E33005357,390,53.58803911,-2.24418265
E33005358,373,53.58488490,-2.20899582
E33005359,409,53.59718639,-2.21463478
E33005360,444,53.57811130,-2.21954763
E33005361,339,53.59342245,-2.20799517
E33005362,394,53.58228149,-2.21705648
E33005363,278,53.55426061,-2.19845415
E33005364,336,53.56406602,-2.18350046
E33005365,354,53.56207415,-2.20048700
E33005366,625,53.56915541,-2.18871331
E33005367,306,53.55984342,-2.19191582
E33005368,333,53.55984620,-2.21454145
E33005369,445,53.55569736,-2.21071550
E33005370,251,53.55775996,-2.22028623
E33005371,488,53.55619620,-2.18492608
E33005372,380,53.54748361,-2.17958591
E33005373,831,53.55173381,-2.17887162
E33005374,364,53.54697806,-2.18550568
E33005375,293,53.55069264,-2.18288130
E33005376,339,53.54218014,-2.17294593
E33005377,273,53.54401053,-2.22695994
E33005378,1171,53.54677432,-2.20228674
E33005379,370,53.55436007,-2.19616703
E33005380,317,53.55134864,-2.19811945
E33005381,380,53.54759582,-2.19599270
E33005382,362,53.54330173,-2.22195851
E33005383,293,53.54964648,-2.19058241
E33005384,422,53.55209721,-2.19357064
E33005385,401,53.53730888,-2.19260660
E33005386,580,53.53823607,-2.19862744
E33005387,362,53.53826272,-2.18374850
E33005388,633,53.53577321,-2.42830798
E33005389,553,53.52731271,-2.41753302
E33005390,352,53.53470746,-2.42353505
E33005391,460,53.52837945,-2.40189000
E33005392,307,53.53083619,-2.41968484
E33005393,343,53.52820622,-2.41224952
E33005394,655,53.52637848,-2.40100895
E33005395,251,53.52389206,-2.39215591
E33005396,319,53.52892183,-2.38867686
E33005397,341,53.53112954,-2.40071002
E33005398,464,53.52344607,-2.41122992
E33005399,1561,53.53129611,-2.43957789
E33005400,431,53.51080998,-2.33696467
E33005401,258,53.51688447,-2.33285195
E33005402,534,53.51889155,-2.33020310
E33005403,457,53.52579020,-2.33222260
E33005404,251,53.52163801,-2.34899537
E33005405,517,53.51513194,-2.34064683
E33005406,389,53.51899534,-2.33595387
E33005407,612,53.52125994,-2.39616105
E33005408,293,53.52200818,-2.38540689
E33005409,664,53.51564904,-2.39428284
E33005410,462,53.52313388,-2.39962906
E33005411,353,53.51880206,-2.40407501
E33005412,518,53.52369481,-2.31525148
E33005413,333,53.50921010,-2.30674092
E33005414,344,53.51127328,-2.32073673
E33005415,276,53.50911309,-2.35154187
E33005416,281,53.51584887,-2.35167504
E33005417,315,53.51026907,-2.34289903
E33005418,408,53.51220027,-2.34200669
E33005419,227,53.51399749,-2.26219363
E33005420,337,53.51430177,-2.24889754
E33005421,407,53.51579138,-2.25437123
E33005422,232,53.51128202,-2.25248050
E33005423,290,53.51002952,-2.25901067
E33005424,402,53.51038224,-2.26297373
E33005425,681,53.51411027,-2.27047196
E33005426,341,53.50428984,-2.27936544
E33005427,304,53.50739297,-2.33392038
E33005428,276,53.50922568,-2.33370749
E33005429,322,53.50975096,-2.32586809
E33005430,538,53.49668731,-2.33810965
E33005431,306,53.51558670,-2.32813900
E33005432,396,53.50645268,-2.34086754
E33005433,354,53.50541355,-2.39089913
E33005434,564,53.50307585,-2.41886959
E33005435,389,53.50946999,-2.40550177
E33005436,340,53.51096171,-2.41357630
E33005437,308,53.50291969,-2.42457940
E33005438,231,53.50641344,-2.38624961
E33005439,409,53.51022462,-2.37397714
E33005440,308,53.50232676,-2.35336010
E33005441,325,53.50619229,-2.35067698
E33005442,295,53.50599665,-2.35828798
E33005443,227,53.49801972,-2.37786876
E33005444,303,53.50116714,-2.37138694
E33005445,359,53.49874567,-2.38067170
E33005446,327,53.49680086,-2.32173237
E33005447,940,53.50862358,-2.31449642
E33005448,255,53.50513030,-2.32251740
E33005449,298,53.50054344,-2.26800618
E33005450,219,53.50345575,-2.26401318
E33005451,294,53.50540599,-2.25100921
E33005452,289,53.49621754,-2.26055494
E33005453,360,53.50627896,-2.26128717
E33005454,624,53.50314267,-2.25558554
E33005455,261,53.49886430,-2.25621466
E33005456,316,53.50922561,-2.25354699
E33005457,326,53.49915292,-2.28771391
E33005458,674,53.49303810,-2.27545177
E33005459,283,53.49813306,-2.27482137
E33005460,825,53.49873234,-2.29414306
E33005461,243,53.49282130,-2.29741177
E33005462,538,53.49496716,-2.30531252
E33005463,330,53.49981801,-2.30858795
E33005464,378,53.50008057,-2.31632019
E33005465,286,53.49216330,-2.36782087
E33005466,594,53.48862243,-2.36357503
E33005467,448,53.48758392,-2.33685564
E33005468,403,53.48475244,-2.33512354
E33005469,775,53.48619125,-2.34825559
E33005470,429,53.49320837,-2.33507359
E33005471,522,53.48751402,-2.35269397
E33005472,732,53.48525212,-2.33763510
E33005473,535,53.49151718,-2.35316630
E33005474,243,53.48719488,-2.33339390
E33005475,320,53.49016118,-2.34330055
E33005476,318,53.49303579,-2.34985158
E33005477,282,53.48544384,-2.30875525
E33005478,286,53.49343252,-2.31275116
E33005479,411,53.48226656,-2.31228201
E33005480,1240,53.48243605,-2.31492313
E33005481,287,53.48967930,-2.31029857
E33005482,277,53.48981896,-2.31865367
E33005483,5940,53.48757984,-2.32342187
E33005484,301,53.48247289,-2.30576945
E33005485,1395,53.47976749,-2.29692266
E33005486,324,53.49175104,-2.32373424
E33005487,431,53.48707289,-2.25658753
E33005488,310,53.48358445,-2.25573371
E33005489,1216,53.49107552,-2.27535230
E33005490,564,53.48372325,-2.24952199
E33005491,256,53.48350635,-2.26409567
E33005492,322,53.49292397,-2.25935432
E33005493,329,53.48369768,-2.27669690
E33005494,698,53.48457135,-2.24717973
E33005495,387,53.48636678,-2.26440630
E33005496,450,53.48668012,-2.25191029
E33005497,406,53.49092938,-2.25268454
E33005498,340,53.48791154,-2.29643184
E33005499,364,53.48717758,-2.29370988
E33005500,264,53.48399786,-2.29735228
E33005501,395,53.49031878,-2.28457843
E33005502,286,53.48446160,-2.28680077
E33005503,556,53.48726607,-2.28445720
E33005504,285,53.48091416,-2.36446779
E33005505,410,53.47954595,-2.36667410
E33005506,260,53.48214964,-2.36791606
E33005507,428,53.47785708,-2.37926570
E33005508,232,53.46901592,-2.39472223
E33005509,434,53.48225982,-2.34278026
E33005510,367,53.47787258,-2.35267255
E33005511,284,53.47980434,-2.35587365
E33005512,329,53.47936650,-2.34066003
E33005513,257,53.47814663,-2.36389047
E33005514,374,53.47516660,-2.36941391
E33005515,719,53.48130495,-2.35888953
E33005516,393,53.48373007,-2.35149402
E33005517,409,53.47385605,-2.26567735
E33005518,958,53.47078998,-2.29307138
E33005519,875,53.47964599,-2.28442064
E33005520,237,53.47230040,-2.26901514
E33005521,255,53.46718473,-2.28166890
E33005522,455,53.47852218,-2.28147778
E33005523,652,53.47975035,-2.29370317
E33005524,355,53.47728017,-2.27082047
E33005525,348,53.46736059,-2.28740772
E33005526,1469,53.47381393,-2.28634220
E33005527,252,53.47912218,-2.28996427
E33005528,1866,53.47381471,-2.29023384
E33005529,830,53.47902495,-2.27766866
E33005530,874,53.47288950,-2.28470916
E33005531,735,53.46761511,-2.27656170
E33005532,406,53.45237682,-2.41457108
E33005533,392,53.44875091,-2.41467275
E33005534,374,53.44919913,-2.41892803
E33005535,806,53.46315384,-2.39487592
E33005536,314,53.43228975,-2.44306458
E33005537,336,53.42265187,-2.44132326
E33005538,390,53.43796032,-2.43224301
E33005539,384,53.43319239,-2.43260330
E33005540,775,53.42829743,-2.43410111
E33005541,313,53.44109827,-2.42035477
E33005542,429,53.44478351,-2.15514049
E33005543,527,53.44912407,-2.15635259
E33005544,559,53.43636698,-2.16588745
E33005545,501,53.45096699,-2.16597567
E33005546,497,53.43865126,-2.16055063
E33005547,342,53.44776433,-2.16562209
E33005548,563,53.43291747,-2.16115763
E33005549,625,53.43699556,-2.15668337
E33005550,555,53.42819653,-2.16554544
E33005551,299,53.43019030,-2.16078813
E33005552,334,53.43031616,-2.15445410
E33005553,517,53.43445823,-2.16515354
E33005554,273,53.43267896,-2.13158159
E33005555,253,53.42918071,-2.13422326
E33005556,309,53.42696934,-2.13395381
E33005557,288,53.42675462,-2.09026120
E33005558,461,53.42614652,-2.10041583
E33005559,291,53.43021033,-2.09565346
E33005560,389,53.42715422,-2.18286496
E33005561,240,53.42807871,-2.17925884
E33005562,277,53.42941727,-2.17720490
E33005563,266,53.42360719,-2.17823522
E33005564,420,53.42665893,-2.17551379
E33005565,363,53.41728639,-2.16389143
E33005566,318,53.42251165,-2.16307857
E33005567,370,53.42050471,-2.17158295
E33005568,226,53.41650422,-2.16926309
E33005569,284,53.42331733,-2.15628857
E33005570,447,53.42108913,-2.16056921
E33005571,316,53.41772350,-2.18882223
E33005572,360,53.41809660,-2.18927806
E33005573,403,53.41785491,-2.19956151
E33005574,339,53.42159045,-2.18371087
E33005575,336,53.42706778,-2.18786101
E33005576,409,53.42389453,-2.11849552
E33005577,351,53.41387374,-2.13386714
E33005578,316,53.41565630,-2.12358657
E33005579,565,53.42226812,-2.11604282
E33005580,284,53.42330327,-2.10561701
E33005581,964,53.42861868,-2.11132197
E33005582,1036,53.43005294,-2.11553948
E33005583,334,53.41363523,-2.08750837
E33005584,354,53.41465195,-2.08515687
E33005585,358,53.41084176,-2.07925438
E33005586,533,53.41503280,-2.08993065
E33005587,310,53.41644539,-2.06389061
E33005588,387,53.40646321,-2.18478991
E33005589,351,53.41426141,-2.18195196
E33005590,278,53.41571997,-2.17686822
E33005591,347,53.40281258,-2.09391488
E33005592,259,53.41201150,-2.09606613
E33005593,362,53.41279574,-2.10637441
E33005594,557,53.41580603,-2.10424876
E33005595,325,53.41253932,-2.10315421
E33005596,317,53.41303289,-2.19420953
E33005597,302,53.41389459,-2.20219827
E33005598,623,53.40973932,-2.20448266
E33005599,548,53.41838942,-2.21326450
E33005600,311,53.41629082,-2.18970162
E33005601,636,53.41644799,-2.15355427
E33005602,2283,53.41641372,-2.13793167
E33005603,714,53.41320205,-2.15862857
E33005604,372,53.41164758,-2.15538176
E33005605,215,53.40589279,-2.15518146
E33005606,238,53.39952675,-2.15942830
E33005607,853,53.40431453,-2.15894348
E33005608,376,53.41043904,-2.14307439
E33005609,294,53.40556947,-2.13956283
E33005610,448,53.40187946,-2.13520283
E33005611,429,53.39995864,-2.16713244
E33005612,314,53.40223877,-2.16729204
E33005613,521,53.40420532,-2.17419655
E33005614,317,53.40053667,-2.04845000
E33005615,288,53.39684625,-2.02426681
E33005616,484,53.40327902,-2.05421436
E33005617,337,53.39988469,-2.18374453
E33005618,938,53.39986396,-2.20329282
E33005619,854,53.40050172,-2.19166843
E33005620,271,53.40265587,-2.18528078
E33005621,389,53.40039784,-2.17762075
E33005622,610,53.40325897,-2.14910182
E33005623,460,53.40109938,-2.15101165
E33005624,308,53.40187653,-2.14199847
E33005625,522,53.39403093,-2.14676587
E33005626,400,53.40535787,-2.15070208
E33005627,427,53.39624111,-2.14820378
E33005628,342,53.39812564,-2.08898652
E33005629,429,53.39138915,-2.06668755
E33005630,302,53.40434053,-2.07575427
E33005631,292,53.39524123,-2.06800779
E33005632,546,53.39370294,-2.06401005
E33005633,243,53.39713607,-2.07453331
E33005634,242,53.39685048,-2.10963803
E33005635,324,53.38954771,-2.10672949
E33005636,317,53.39362893,-2.11110919
E33005637,282,53.39887800,-2.12100026
E33005638,437,53.40175049,-2.12274045
E33005639,432,53.39416627,-2.19907972
E33005640,276,53.39529227,-2.20723336
E33005641,904,53.39110397,-2.18699289
E33005642,440,53.39185470,-2.16190724
E33005643,309,53.39697788,-2.16427981
E33005644,326,53.39561753,-2.15136337
E33005645,625,53.39834670,-2.15491079
E33005646,238,53.39487843,-2.15617780
E33005647,358,53.39461799,-2.12414394
E33005648,408,53.39456285,-2.12711077
E33005649,267,53.39895757,-2.13462191
E33005650,273,53.39091224,-2.24152570
E33005651,290,53.39352677,-2.23399713
E33005652,299,53.39360096,-2.23044775
E33005653,292,53.39039900,-2.23776235
E33005654,368,53.38959403,-2.16713810
E33005655,464,53.39174701,-2.18055006
E33005656,733,53.39537166,-2.18181177
E33005657,285,53.38805670,-2.15256402
E33005658,296,53.39302653,-2.15184790
E33005659,592,53.38950220,-2.14171562
E33005660,359,53.38856854,-2.13399682
E33005661,375,53.39140855,-2.13903976
E33005662,450,53.38516368,-2.13812958
E33005663,730,53.38918748,-2.20748052
E33005664,288,53.38381749,-2.23186792
E33005665,426,53.39350372,-2.21901282
E33005666,356,53.38701823,-2.22662467
E33005667,446,53.39368395,-2.06181586
E33005668,263,53.37730340,-2.05482187
E33005669,545,53.38502044,-2.06456027
E33005670,293,53.38999309,-2.07222769
E33005671,273,53.38442116,-2.19648243
E33005672,762,53.38359123,-2.21410762
E33005673,301,53.38398530,-2.18594849
E33005674,319,53.37876916,-2.19439613
E33005675,321,53.38315649,-2.11870874
E33005676,553,53.37712165,-2.11626017
E33005677,284,53.38108264,-2.12292649
E33005678,235,53.37981464,-2.11713361
E33005679,543,53.37853756,-2.11968339
E33005680,276,53.38097327,-2.12409367
E33005681,331,53.38102066,-2.16506537
E33005682,337,53.37589721,-2.16267659
E33005683,248,53.37136010,-2.17392572
E33005684,238,53.37260250,-2.12949826
E33005685,478,53.37079016,-2.13559510
E33005686,307,53.37435582,-2.12232503
E33005687,357,53.37641738,-2.13717143
E33005688,318,53.37372540,-2.20610447
E33005689,526,53.37082226,-2.19790659
E33005690,302,53.37849359,-2.10463932
E33005691,370,53.36904618,-2.11951229
E33005692,427,53.37242661,-2.11171761
E33005693,738,53.37061134,-2.23438880
E33005694,307,53.36941485,-2.22856442
E33005695,345,53.36684757,-2.15239805
E33005696,515,53.36308043,-2.15873784
E33005697,524,53.37356875,-2.15653786
E33005698,347,53.36320711,-2.06503441
E33005699,284,53.36788792,-2.07047998
E33005700,368,53.36482276,-2.07478642
E33005701,444,53.36832800,-2.09350713
E33005702,254,53.36954707,-2.18568984
E33005703,262,53.35860945,-2.18938757
E33005704,803,53.36580086,-2.19174010
E33005705,257,53.37540249,-2.18170145
E33005706,299,53.37275456,-2.21710959
E33005707,311,53.36282806,-2.22600884
E33005708,265,53.36138672,-2.21755454
E33005709,638,53.35969778,-2.21403083
E33005710,295,53.36630315,-2.20780097
E33005711,287,53.35846956,-2.17179003
E33005712,255,53.35620222,-2.17864020
E33005713,225,53.36194623,-2.18128286
E33005714,260,53.36543617,-2.18520056
E33005715,272,53.35834520,-2.16236014
E33005716,344,53.34371672,-2.16356941
E33005717,858,53.34152227,-2.15873945
E33005718,378,53.35843621,-2.16478238
E33005719,271,53.51064107,-2.03828761
E33005720,417,53.51863943,-2.04637281
E33005721,270,53.51378159,-2.03680375
E33005722,416,53.52245687,-2.03757978
E33005723,251,53.52631492,-2.03046977
E33005724,349,53.51649256,-2.04556316
E33005725,303,53.51431690,-2.02702061
E33005726,303,53.50559753,-2.07968144
E33005727,630,53.50843863,-2.10495956
E33005728,346,53.51654740,-2.02695473
E33005729,320,53.50286063,-2.02556429
E33005730,351,53.49726690,-2.03523465
E33005731,367,53.50034080,-2.06791099
E33005732,727,53.49430655,-2.08025342
E33005733,395,53.50078397,-2.10441812
E33005734,446,53.49723034,-2.10311931
E33005735,362,53.50067156,-2.11035894
E33005736,374,53.49445494,-2.09434941
E33005737,285,53.49366426,-2.09234251
E33005738,253,53.49366541,-2.10036657
E33005739,295,53.50092412,-2.08234192
E33005740,266,53.48531680,-2.07361591
E33005741,457,53.49209037,-2.07551500
E33005742,245,53.49173792,-2.08609302
E33005743,353,53.48416484,-2.08174010
E33005744,3026,53.49224019,-2.07186034
E33005745,444,53.48734222,-2.04870615
E33005746,697,53.48473217,-2.05975085
E33005747,438,53.48685537,-2.06549644
E33005748,300,53.48664424,-2.03832412
E33005749,372,53.49259480,-2.03497446
E33005750,604,53.48530420,-2.04537003
E33005751,264,53.48460948,-2.05211970
E33005752,279,53.48171557,-2.14252763
E33005753,414,53.47793306,-2.14511539
E33005754,279,53.48792691,-2.13430068
E33005755,272,53.49090673,-2.13709567
E33005756,459,53.48021987,-2.14604135
E33005757,342,53.49367738,-2.13045269
E33005758,370,53.48120720,-2.14843646
E33005759,416,53.48787209,-2.15180596
E33005760,373,53.48234241,-2.15710602
E33005761,305,53.47515032,-2.15134453
E33005762,296,53.47913076,-2.15133891
E33005763,284,53.47908493,-2.16363223
E33005764,437,53.48518423,-2.16394415
E33005765,774,53.48093415,-2.10102299
E33005766,248,53.48079194,-2.10751961
E33005767,420,53.47879515,-2.11863182
E33005768,750,53.48654380,-2.11056603
E33005769,500,53.48207917,-2.11092968
E33005770,306,53.47780679,-2.10933231
E33005771,378,53.48906256,-2.11157905
E33005772,503,53.48674475,-2.09866193
E33005773,3032,53.49015410,-2.09420295
E33005774,586,53.48444288,-2.10745822
E33005775,243,53.48529941,-2.10511000
E33005776,255,53.47780749,-2.12985604
E33005777,313,53.48025796,-2.13160296
E33005778,664,53.47228763,-2.13653363
E33005779,265,53.47917206,-2.05660154
E33005780,279,53.47137115,-2.02918449
E33005781,259,53.47146015,-2.03684880
E33005782,455,53.47971309,-2.07059968
E33005783,472,53.48072536,-2.05008172
E33005784,514,53.48111306,-2.06449879
E33005785,404,53.47510714,-2.06462592
E33005786,783,53.47796423,-2.08075961
E33005787,316,53.47655988,-2.08342382
E33005788,263,53.47761153,-2.09264935
E33005789,263,53.48025670,-2.09807980
E33005790,601,53.46838265,-2.09290419
E33005791,227,53.47912065,-2.09369199
E33005792,278,53.47281654,-2.08903105
E33005793,265,53.47118796,-2.07518484
E33005794,272,53.47304662,-2.06730419
E33005795,456,53.47245641,-2.08786522
E33005796,576,53.46977076,-2.07239118
E33005797,582,53.47373544,-2.11953943
E33005798,820,53.46864143,-2.11092506
E33005799,654,53.46666756,-2.11905431
E33005800,339,53.46473488,-2.09159640
E33005801,348,53.46099031,-2.08200655
E33005802,247,53.45500866,-2.08401633
E33005803,659,53.46416462,-2.07568939
E33005804,242,53.45902628,-2.08126804
E33005805,469,53.46038598,-2.07248764
E33005806,332,53.45610194,-2.06882911
E33005807,390,53.45526410,-2.07632925
E33005808,300,53.46523583,-2.06267918
E33005809,303,53.46174576,-2.11310745
E33005810,345,53.45152561,-2.11433816
E33005811,277,53.45521102,-2.10968148
E33005812,298,53.45835774,-2.06194492
E33005813,895,53.45085474,-2.05096354
E33005814,268,53.45234992,-2.06981656
E33005815,671,53.46411256,-2.05762383
E33005816,333,53.45903641,-2.01317581
E33005817,323,53.44093231,-2.01152697
E33005818,379,53.46226252,-1.99280522
E33005819,373,53.45144454,-2.14546812
E33005820,379,53.45458959,-2.15163684
E33005821,453,53.45536761,-2.13345498
E33005822,289,53.45901637,-2.12392763
E33005823,983,53.45531198,-2.12029183
E33005824,631,53.45544222,-2.10402537
E33005825,542,53.44355646,-2.03175346
E33005826,578,53.44959487,-2.02837311
E33005827,321,53.45358127,-2.02195803
E33005828,584,53.44950078,-2.07680003
E33005829,314,53.44401467,-2.06446679
E33005830,263,53.44780929,-2.07721712
E33005831,601,53.45215610,-2.08502301
E33005832,325,53.44570528,-2.07228500
E33005833,290,53.44695802,-2.08646546
E33005834,323,53.44917849,-2.06924142
E33005835,335,53.45173950,-2.07463615
E33005836,394,53.44351255,-2.10016806
E33005837,410,53.44520883,-2.11197803
E33005838,419,53.44003410,-2.09954652
E33005839,548,53.43617468,-2.07858460
E33005840,365,53.44135584,-2.07512519
E33005841,301,53.43644504,-2.06961457
E33005842,250,53.44080571,-2.06479800
E33005843,494,53.45735508,-2.26277483
E33005844,493,53.46303163,-2.27277196
E33005845,305,53.46212427,-2.26308517
E33005846,327,53.45869153,-2.26390345
E33005847,399,53.45975141,-2.27460431
E33005848,337,53.46498940,-2.26558187
E33005849,341,53.46046415,-2.25877278
E33005850,300,53.45477838,-2.34624690
E33005851,489,53.45753040,-2.35692350
E33005852,328,53.45812028,-2.35490888
E33005853,539,53.45754034,-2.29052708
E33005854,864,53.46047446,-2.29060487
E33005855,275,53.45360187,-2.31011455
E33005856,471,53.45705702,-2.29400891
E33005857,525,53.45762498,-2.30412310
E33005858,1020,53.45380608,-2.30050243
E33005859,319,53.45793910,-2.29559916
E33005860,418,53.45371861,-2.27182112
E33005861,382,53.45160243,-2.27900761
E33005862,374,53.45443043,-2.28294980
E33005863,240,53.45106885,-2.37389267
E33005864,579,53.44429986,-2.38441575
E33005865,335,53.45716763,-2.36984344
E33005866,297,53.45180859,-2.38149238
E33005867,490,53.46138466,-2.36525737
E33005868,250,53.45766706,-2.32393778
E33005869,336,53.44628507,-2.32981533
E33005870,334,53.44721446,-2.31865142
E33005871,303,53.45404238,-2.32599687
E33005872,336,53.44739548,-2.40003550
E33005873,257,53.45502568,-2.39522041
E33005874,287,53.45083535,-2.39014143
E33005875,586,53.44750643,-2.39427460
E33005876,371,53.45069350,-2.33551149
E33005877,490,53.44258822,-2.31452108
E33005878,275,53.43524906,-2.31694471
E33005879,272,53.46011378,-2.33223061
E33005880,630,53.44832179,-2.35624673
E33005881,353,53.44671909,-2.34490352
E33005882,276,53.44852262,-2.34287915
E33005883,475,53.44949254,-2.35098568
E33005884,297,53.45321738,-2.35979019
E33005885,288,53.44915377,-2.36619413
E33005886,365,53.44524734,-2.36261367
E33005887,286,53.44251942,-2.36816303
E33005888,379,53.44902520,-2.30783687
E33005889,251,53.44375665,-2.29824236
E33005890,334,53.45091613,-2.31020321
E33005891,445,53.44526707,-2.30586758
E33005892,302,53.44859059,-2.30023709
E33005893,270,53.43068679,-2.32135958
E33005894,357,53.42962112,-2.31862671
E33005895,254,53.42533083,-2.33320713
E33005896,641,53.42809061,-2.32298829
E33005897,318,53.42931412,-2.32503620
E33005898,705,53.42179340,-2.33014064
E33005899,315,53.42314365,-2.35530433
E33005900,383,53.42967982,-2.34237990
E33005901,384,53.43060525,-2.35381066
E33005902,309,53.43088644,-2.34259419
E33005903,276,53.42776785,-2.29971445
E33005904,284,53.41745845,-2.30875831
E33005905,279,53.42118136,-2.30831391
E33005906,275,53.42110367,-2.30083589
E33005907,422,53.42033832,-2.30462518
E33005908,290,53.41420645,-2.30559026
E33005909,295,53.41783383,-2.32465454
E33005910,243,53.41678977,-2.32053298
E33005911,369,53.42309762,-2.31139877
E33005912,377,53.42345549,-2.31931020
E33005913,961,53.42385409,-2.31694824
E33005914,464,53.41872628,-2.31731736
E33005915,378,53.41639963,-2.32541910
E33005916,313,53.42695275,-2.32082013
E33005917,859,53.42362614,-2.32608607
E33005918,404,53.41948166,-2.33900074
E33005919,288,53.42505402,-2.34223656
E33005920,284,53.41498589,-2.34957212
E33005921,603,53.41926532,-2.33762915
E33005922,394,53.41594781,-2.43660928
E33005923,518,53.42101277,-2.42310108
E33005924,424,53.41771269,-2.42542867
E33005925,447,53.41901613,-2.29243463
E33005926,418,53.41442619,-2.30123249
E33005927,452,53.40576979,-2.36443572
E33005928,320,53.40129739,-2.36020662
E33005929,396,53.41400760,-2.35744609
E33005930,290,53.40973397,-2.34621480
E33005931,300,53.40896750,-2.33909490
E33005932,433,53.40154238,-2.34202322
E33005933,266,53.41596213,-2.33501231
E33005934,646,53.40400976,-2.34090193
E33005935,473,53.40122000,-2.32481797
E33005936,364,53.40991822,-2.32426262
E33005937,436,53.40421613,-2.33147345
E33005938,274,53.39002904,-2.31069379
E33005939,556,53.39804323,-2.31720008
E33005940,339,53.39254445,-2.31030703
E33005941,297,53.40217734,-2.33581304
E33005942,252,53.38949100,-2.32121204
E33005943,239,53.39201148,-2.33178411
E33005944,297,53.39672879,-2.32562685
E33005945,269,53.39665616,-2.32044183
E33005946,309,53.39282383,-2.33424204
E33005947,715,53.38551850,-2.33802678
E33005948,835,53.38494626,-2.34587067
E33005949,385,53.39789336,-2.35301789
E33005950,353,53.39946596,-2.34997902
E33005951,613,53.39038518,-2.34374207
E33005952,652,53.39682912,-2.35090428
E33005953,372,53.40192394,-2.35285868
E33005954,267,53.39502177,-2.35124260
E33005955,417,53.39082230,-2.34682612
E33005956,390,53.39619355,-2.35958794
E33005957,479,53.39519902,-2.37098647
E33005958,343,53.38899243,-2.37352441
E33005959,295,53.38271110,-2.39903807
E33005960,326,53.38630326,-2.35851967
E33005961,731,53.39219068,-2.35139301
E33005962,311,53.39356544,-2.41556275
E33005963,341,53.38260061,-2.32516156
E33005964,314,53.38293669,-2.33634072
E33005965,290,53.37574491,-2.34311725
E33005966,289,53.37181115,-2.34065063
E33005967,581,53.37972494,-2.34363868
E33005968,225,53.38031777,-2.36880776
E33005969,471,53.38151404,-2.34860122
E33005970,307,53.37747354,-2.36072949
E33005971,279,53.38261207,-2.35536758
E33005972,294,53.37246251,-2.35673084
E33005973,409,53.37650961,-2.35124775
E33005974,320,53.38123319,-2.36045591
E33005975,282,53.37251452,-2.36527699
E33005976,313,53.37390132,-2.32176914
E33005977,254,53.38067314,-2.31777941
E33005978,324,53.36424502,-2.29785052
E33005979,248,53.36715342,-2.31236230
E33005980,301,53.37221113,-2.31555689
E33005981,321,53.36771832,-2.32650462
E33005982,303,53.59001231,-2.68522815
E33005983,358,53.58734935,-2.66976440
E33005984,411,53.59272300,-2.67293183
E33005985,535,53.58617708,-2.66336573
E33005986,261,53.58886737,-2.66042563
E33005987,497,53.59321913,-2.65573562
E33005988,583,53.58474988,-2.66006341
E33005989,239,53.57407920,-2.69941471
E33005990,339,53.57608682,-2.68549895
E33005991,266,53.56249720,-2.66858786
E33005992,636,53.58378452,-2.70638927
E33005993,285,53.57109157,-2.69420850
E33005994,279,53.57145586,-2.70121174
E33005995,282,53.56987726,-2.58990924
E33005996,334,53.57329664,-2.60971322
E33005997,257,53.59257818,-2.63486554
E33005998,257,53.57004887,-2.58364695
E33005999,298,53.55813440,-2.65367146
E33006000,434,53.56283629,-2.64403948
E33006001,668,53.55441288,-2.65585301
E33006002,225,53.55889995,-2.64586520
E33006003,285,53.55443923,-2.62206622
E33006004,292,53.56518875,-2.63325160
E33006005,517,53.55283131,-2.62772820
E33006006,368,53.55706636,-2.63451538
E33006007,2225,53.55757993,-2.62952567
E33006008,280,53.56200985,-2.58227489
E33006009,1011,53.55693793,-2.59816723
E33006010,253,53.55146310,-2.64589145
E33006011,464,53.54853244,-2.64474352
E33006012,785,53.55200161,-2.63413175
E33006013,266,53.55574346,-2.63819687
E33006014,418,53.55545608,-2.64868611
E33006015,325,53.54638603,-2.61102458
E33006016,359,53.55284880,-2.61896210
E33006017,253,53.54346973,-2.62444148
E33006018,224,53.54266250,-2.62194405
E33006019,304,53.54402599,-2.61216064
E33006020,484,53.54889964,-2.62324749
E33006021,1382,53.55237828,-2.68231288
E33006022,808,53.54723701,-2.65453183
E33006023,650,53.54147850,-2.67259279
E33006024,288,53.54836518,-2.68528150
E33006025,429,53.54161884,-2.68692015
E33006026,305,53.53834253,-2.69466945
E33006027,248,53.53815671,-2.61305844
E33006028,248,53.54054979,-2.62224732
E33006029,307,53.53494948,-2.61459554
E33006030,543,53.53963303,-2.60578519
E33006031,472,53.55254723,-2.59441104
E33006032,465,53.54338974,-2.59032361
E33006033,440,53.53356891,-2.57809583
E33006034,296,53.53814636,-2.57014199
E33006035,329,53.52759222,-2.57419623
E33006036,554,53.53458697,-2.58147275
E33006037,276,53.53998530,-2.57626055
E33006038,325,53.53232603,-2.58484650
E33006039,328,53.53826171,-2.66979347
E33006040,477,53.53364927,-2.67640039
E33006041,387,53.53623601,-2.66585366
E33006042,718,53.53655437,-2.68291512
E33006043,434,53.53441619,-2.68049486
E33006044,444,53.53135463,-2.67558310
E33006045,389,53.52940305,-2.64379592
E33006046,442,53.54008603,-2.63717236
E33006047,589,53.53930714,-2.65208242
E33006048,316,53.53247291,-2.65047038
E33006049,617,53.53328323,-2.56415013
E33006050,345,53.52957336,-2.56705686
E33006051,367,53.52983929,-2.48659647
E33006052,394,53.53625937,-2.49504401
E33006053,378,53.52703838,-2.49458882
E33006054,610,53.52948569,-2.50725018
E33006055,250,53.52795744,-2.71420625
E33006056,322,53.53961283,-2.70079163
E33006057,272,53.53285928,-2.71130856
E33006058,321,53.52143235,-2.71461254
E33006059,432,53.53981682,-2.70639435
E33006060,766,53.52370944,-2.70293593
E33006061,285,53.52740453,-2.54172690
E33006062,372,53.52435584,-2.54934163
E33006063,510,53.52926126,-2.54540456
E33006064,744,53.52721019,-2.54730943
E33006065,310,53.52224999,-2.53785559
E33006066,471,53.51817324,-2.65028686
E33006067,688,53.52434596,-2.64205429
E33006068,338,53.52122327,-2.66852256
E33006069,301,53.52146274,-2.67138925
E33006070,501,53.52831331,-2.67149012
E33006071,323,53.51747737,-2.65526655
E33006072,450,53.51396251,-2.47795781
E33006073,520,53.51937761,-2.47880701
E33006074,398,53.51628033,-2.47579747
E33006075,433,53.52529792,-2.48618471
E33006076,402,53.52865190,-2.47928876
E33006077,509,53.52766645,-2.50326694
E33006078,476,53.52362716,-2.49084491
E33006079,319,53.52257093,-2.50712202
E33006080,294,53.52108201,-2.49881738
E33006081,276,53.51701484,-2.50896445
E33006082,454,53.52109341,-2.49041742
E33006083,491,53.52383581,-2.49476261
E33006084,318,53.52826591,-2.61097291
E33006085,611,53.52230689,-2.59593213
E33006086,449,53.51948759,-2.60166046
E33006087,358,53.51343837,-2.60450986
E33006088,329,53.51403338,-2.44363938
E33006089,307,53.51423655,-2.46927458
E33006090,444,53.51522535,-2.47125097
E33006091,420,53.51415419,-2.46373464
E33006092,400,53.51783015,-2.46097829
E33006093,307,53.50852554,-2.59231722
E33006094,838,53.51777150,-2.57697643
E33006095,744,53.51653151,-2.54961386
E33006096,337,53.51443364,-2.59068838
E33006097,367,53.50957808,-2.52180167
E33006098,521,53.51411678,-2.52982561
E33006099,285,53.50975093,-2.52941928
E33006100,341,53.50832600,-2.44992312
E33006101,724,53.50479524,-2.46065020
E33006102,433,53.49512663,-2.46461494
E33006103,281,53.49918583,-2.45406950
E33006104,461,53.50378855,-2.44532293
E33006105,280,53.51212821,-2.43146163
E33006106,289,53.50860129,-2.43994143
E33006107,342,53.50895861,-2.43019944
E33006108,512,53.49723695,-2.52005111
E33006109,324,53.49984424,-2.51817162
E33006110,343,53.50501123,-2.52109273
E33006111,321,53.49976911,-2.52093633
E33006112,350,53.49526106,-2.52240023
E33006113,560,53.49738631,-2.51603354
E33006114,697,53.50387649,-2.52504272
E33006115,849,53.49732569,-2.50876334
E33006116,610,53.49488823,-2.48925275
E33006117,328,53.49475712,-2.50470832
E33006118,463,53.50085905,-2.64862955
E33006119,258,53.49670208,-2.64403510
E33006120,386,53.50360645,-2.64455998
E33006121,391,53.51028442,-2.64976650
E33006122,360,53.49914468,-2.54076466
E33006123,284,53.49430185,-2.55039716
E33006124,429,53.49800103,-2.52987666
E33006125,326,53.48819486,-2.49862354
E33006126,324,53.49352474,-2.50354431
E33006127,287,53.49697192,-2.49637213
E33006128,464,53.49374900,-2.49082836
E33006129,612,53.48788008,-2.62705752
E33006130,517,53.49434093,-2.62487159
E33006131,414,53.49364018,-2.64504041
E33006132,376,53.48862846,-2.64145579
E33006133,592,53.48829201,-2.63651318
E33006134,290,53.48475123,-2.63936953
E33006135,240,53.49208845,-2.52214952
E33006136,495,53.48874145,-2.53025100
E33006137,617,53.49211579,-2.51827010
E33006138,335,53.48294408,-2.52202337
E33006139,579,53.47476071,-2.59766672
E33006140,699,53.48183465,-2.60464732
E33006141,296,53.47720678,-2.59549822
E33006142,643,53.47903292,-2.59703808
E33006143,430,53.47280731,-2.59266577
E33006144,287,53.47897980,-2.60272656
E33006145,289,53.47901334,-2.58077662
E33006146,383,53.46624790,-2.57774456
E33006147,716,53.48427793,-2.59265860
E33006148,554,53.47394452,-2.57922856
E33006149,951,53.47950218,-2.54599269
E33006150,594,53.47374471,-2.55414789
E33006151,455,53.46935633,-2.56687849
E33006152,366,53.47949721,-2.53974548
E33006153,430,53.47327009,-2.56162448
E33008865,298,53.53465495,-2.13821567
E33008866,235,53.53594712,-2.13238370
E33008867,554,53.53796318,-2.12946239
E33008868,514,53.52951641,-2.12256868
E33008869,247,53.53117221,-2.13113302
E33008870,340,53.52844409,-2.12823581
E33008871,394,53.53398324,-2.12298361
E33008872,258,53.53543221,-2.13046165
E33008892,276,53.49278217,-2.22386700
E33008893,428,53.48584716,-2.22670125
E33008894,255,53.48418031,-2.23720603
E33008895,256,53.48631188,-2.23334401
E33008896,418,53.48781625,-2.23947185
E33008897,543,53.49035158,-2.22984830
E33008898,311,53.48285753,-2.23870973
E33008899,272,53.48426394,-2.23598555
E33008900,1150,53.48405026,-2.24112259
E33008901,360,53.48827095,-2.23549252
E33008902,344,53.47982831,-2.23074247
E33008903,435,53.47562405,-2.23744062
E33008904,300,53.48467837,-2.23148331
E33008905,440,53.47292102,-2.23995586
E33008906,974,53.47449898,-2.23742885
E33008907,292,53.47805956,-2.22516892
E33008908,358,53.47837365,-2.22323750
E33008909,331,53.47614211,-2.23159788
E33008910,302,53.48185828,-2.22472869
E33008911,728,53.47731262,-2.23451489
E33008912,957,53.47962754,-2.23643189
E33008913,272,53.49185950,-2.23269301
E33008914,596,53.49293170,-2.23858726
E33008915,250,53.50350999,-2.23266738
E33008916,300,53.50445877,-2.23611433
E33008917,1114,53.49711082,-2.23473771
E33008918,540,53.49733264,-2.22739367
E33008919,811,53.49991034,-2.22814477
E33008920,1102,53.48951560,-2.24102382
E33008921,430,53.47225288,-2.24815940
E33008922,376,53.46932332,-2.23905476
E33008923,1019,53.47320191,-2.24217446
E33008924,1645,53.47524452,-2.24117239
E33008925,585,53.47400850,-2.23880129
E33008926,1140,53.47284504,-2.24650287
E33008927,466,53.47576444,-2.23867485
E33008928,1374,53.47223807,-2.23813127
E33008929,266,53.50079720,-2.23868062
E33008930,377,53.51051094,-2.24413945
E33008931,403,53.49857404,-2.25105064
E33008932,394,53.50691974,-2.24360241
E33008933,350,53.48818991,-2.24404495
E33008934,310,53.47067871,-2.26391239
E33008935,351,53.47081083,-2.26114727
E33008936,269,53.46887235,-2.25331180
E33008937,627,53.47278063,-2.26166094
E33008938,425,53.47679666,-2.25729142
E33008939,554,53.47454492,-2.24609564
E33008940,1962,53.47595249,-2.24466745
E33008941,492,53.47502098,-2.25187468
E33008942,399,53.47624581,-2.25293842
E33008943,485,53.47423406,-2.24517495
E33008944,429,53.47268067,-2.25092694
E33008945,690,53.47446101,-2.25476558
